idx,learning_rate,hidden_size,dropout,num_head,num_transf,mlp_size,patch_size,weight_decay,attention_selection,filter_by_attention,entangle,strong,mlp_only_quant,penny_or_kipu,which,t,test_auc,test_acc,val_auc,val_acc
0,0.0025,48,0.225,4,2,3,4,1e-07,True,True,True,True,True,kipu,best,0.05,92.00618678222179,75.66084788029926,92.91859114160796,74.8753738783649
0,0.0025,48,0.225,4,2,3,4,1e-07,True,True,True,True,True,kipu,best,0.1,91.57122930647094,73.41645885286783,92.5631195914449,74.77567298105683
0,0.0025,48,0.225,4,2,3,4,1e-07,True,True,True,True,True,kipu,best,0.15,91.67212042983512,73.51620947630923,92.72485120389241,74.47657028913261
0,0.0025,48,0.225,4,2,3,4,1e-07,True,True,True,True,True,kipu,best,0.2,92.279655176011,74.81296758104739,93.26247700211606,74.57627118644068
1,0.0025,48,0.225,4,2,3,4,1e-07,True,True,True,True,True,kipu,best,0.05,92.06945192387403,74.713216957606,92.80965903094423,74.77567298105683
1,0.0025,48,0.225,4,2,3,4,1e-07,True,True,True,True,True,kipu,best,0.1,90.91373217990298,73.51620947630923,92.83758335835451,73.97806580259221
1,0.0025,48,0.225,4,2,3,4,1e-07,True,True,True,True,True,kipu,best,0.15,91.80525429599301,73.26683291770574,93.28437369761907,74.47657028913261
1,0.0025,48,0.225,4,2,3,4,1e-07,True,True,True,True,True,kipu,best,0.2,91.52749448128911,74.56359102244389,92.67081037161596,76.27118644067797
2,0.0025,48,0.225,4,2,3,4,1e-07,True,True,True,True,True,kipu,best,0.05,91.50174439691332,74.11471321695761,92.7664899533282,75.47357926221336
2,0.0025,48,0.225,4,2,3,4,1e-07,True,True,True,True,True,kipu,best,0.1,91.77735606868602,74.713216957606,92.87896583845416,76.47058823529412
2,0.0025,48,0.225,4,2,3,4,1e-07,True,True,True,True,True,kipu,best,0.15,91.73500225083025,74.66334164588528,92.6881362772226,75.67298105682951
2,0.0025,48,0.225,4,2,3,4,1e-07,True,True,True,True,True,kipu,best,0.2,91.75991757715015,74.86284289276807,92.58636109302427,74.27716849451646
3,0.0025,48,0.225,4,2,3,4,1e-07,True,True,True,True,True,kipu,best,0.05,91.4413887339531,73.41645885286783,92.22126475287936,75.17447657028913
3,0.0025,48,0.225,4,2,3,4,1e-07,True,True,True,True,True,kipu,best,0.1,92.02169480870332,73.61596009975062,93.0401838246646,74.67597208374876
3,0.0025,48,0.225,4,2,3,4,1e-07,True,True,True,True,True,kipu,best,0.15,91.5257179562063,73.51620947630923,92.93450698563731,74.97507477567298
3,0.0025,48,0.225,4,2,3,4,1e-07,True,True,True,True,True,kipu,best,0.2,92.16388661079738,75.16209476309227,93.23650206992346,74.97507477567298
4,0.0025,48,0.225,4,2,3,4,1e-07,True,True,True,True,True,kipu,best,0.05,92.16705588163173,74.96259351620948,92.69616987302317,74.57627118644068
4,0.0025,48,0.225,4,2,3,4,1e-07,True,True,True,True,True,kipu,best,0.1,92.06760633837351,73.86533665835412,92.69364592067024,74.17746759720838
4,0.0025,48,0.225,4,2,3,4,1e-07,True,True,True,True,True,kipu,best,0.15,92.29840335154726,75.16209476309227,93.34900417797486,76.86939182452642
4,0.0025,48,0.225,4,2,3,4,1e-07,True,True,True,True,True,kipu,best,0.2,91.81869375709489,76.20947630922693,92.88616004345762,74.97507477567298
5,0.0025,48,0.225,4,2,3,4,1e-07,True,True,True,True,True,kipu,best,0.05,91.78846497093376,74.06483790523691,92.83353288232591,75.17447657028913
5,0.0025,48,0.225,4,2,3,4,1e-07,True,True,True,True,True,kipu,best,0.1,91.57747941518849,73.76558603491273,92.47310215517805,74.37686939182453
5,0.0025,48,0.225,4,2,3,4,1e-07,True,True,True,True,True,kipu,best,0.15,91.59107435626422,75.06234413965088,92.97299239548738,75.67298105682951
5,0.0025,48,0.225,4,2,3,4,1e-07,True,True,True,True,True,kipu,best,0.2,91.57649466055756,74.3640897755611,92.65250737067727,73.678963110668
6,0.0025,48,0.225,4,2,3,4,1e-07,True,True,True,True,True,kipu,best,0.05,91.51327057213636,74.61346633416458,92.34969038600168,74.37686939182453
6,0.0025,48,0.225,4,2,3,4,1e-07,True,True,True,True,True,kipu,best,0.1,92.14725824118536,75.26184538653366,92.78350280347568,74.8753738783649
6,0.0025,48,0.225,4,2,3,4,1e-07,True,True,True,True,True,kipu,best,0.15,92.39763298455367,74.61346633416458,92.9245090953305,75.67298105682951
6,0.0025,48,0.225,4,2,3,4,1e-07,True,True,True,True,True,kipu,best,0.2,91.60316368170118,73.51620947630923,92.41790748154169,73.97806580259221
7,0.0025,48,0.225,4,2,3,4,1e-07,True,True,True,True,True,kipu,best,0.05,91.88179815152712,74.51371571072319,92.8742916944488,75.17447657028913
7,0.0025,48,0.225,4,2,3,4,1e-07,True,True,True,True,True,kipu,best,0.1,91.5459890277801,73.81546134663341,92.62145528178432,75.07477567298105
7,0.0025,48,0.225,4,2,3,4,1e-07,True,True,True,True,True,kipu,best,0.15,91.27907690229907,73.46633416458853,92.41769724433829,75.07477567298105
7,0.0025,48,0.225,4,2,3,4,1e-07,True,True,True,True,True,kipu,best,0.2,91.48951348051693,74.713216957606,92.91864978316241,74.8753738783649
8,0.0025,48,0.225,4,2,3,4,1e-07,True,True,True,True,True,kipu,best,0.05,91.78044215738076,74.76309226932668,92.92723973187621,75.87238285144566
8,0.0025,48,0.225,4,2,3,4,1e-07,True,True,True,True,True,kipu,best,0.1,91.56040239582983,75.71072319201994,92.74115963126904,75.2741774675972
8,0.0025,48,0.225,4,2,3,4,1e-07,True,True,True,True,True,kipu,best,0.15,91.62862386221646,74.51371571072319,93.15722615456501,75.67298105682951
8,0.0025,48,0.225,4,2,3,4,1e-07,True,True,True,True,True,kipu,best,0.2,91.8281764983548,74.3640897755611,92.776600767159,75.87238285144566
9,0.0025,48,0.225,4,2,3,4,1e-07,True,True,True,True,True,kipu,best,0.05,91.73567600612962,74.713216957606,92.71168248446203,73.87836490528414
9,0.0025,48,0.225,4,2,3,4,1e-07,True,True,True,True,True,kipu,best,0.1,91.50775670069625,73.91521197007481,92.85809300620359,75.77268195413758
9,0.0025,48,0.225,4,2,3,4,1e-07,True,True,True,True,True,kipu,best,0.15,91.78759239524939,73.31670822942642,92.96236456893993,75.47357926221336
9,0.0025,48,0.225,4,2,3,4,1e-07,True,True,True,True,True,kipu,best,0.2,91.95325529135452,74.06483790523691,92.97521369149747,75.57328015952145
10,0.0025,48,0.225,4,2,3,4,1e-07,True,True,True,True,True,kipu,best,0.05,91.8680479188189,74.81296758104739,93.05131913064855,76.66999002991027
10,0.0025,48,0.225,4,2,3,4,1e-07,True,True,True,True,True,kipu,best,0.1,91.26928936801973,75.06234413965088,92.33608966291249,74.77567298105683
10,0.0025,48,0.225,4,2,3,4,1e-07,True,True,True,True,True,kipu,best,0.15,91.63685282831796,74.11471321695761,92.95523976497427,75.07477567298105
10,0.0025,48,0.225,4,2,3,4,1e-07,True,True,True,True,True,kipu,best,0.2,91.99527559786749,74.61346633416458,92.85310409532238,74.77567298105683
11,0.0025,48,0.225,4,2,3,4,1e-07,True,True,True,True,True,kipu,best,0.05,91.56072161234687,71.92019950124688,92.6038023776614,73.37986041874377
11,0.0025,48,0.225,4,2,3,4,1e-07,True,True,True,True,True,kipu,best,0.1,92.40453438535259,74.1645885286783,93.22025947086934,75.97208374875373
11,0.0025,48,0.225,4,2,3,4,1e-07,True,True,True,True,True,kipu,best,0.15,91.81591930289214,74.81296758104739,93.19464858886387,74.57627118644068
11,0.0025,48,0.225,4,2,3,4,1e-07,True,True,True,True,True,kipu,best,0.2,91.8343029627629,74.0149625935162,92.40299001544828,73.77866400797608
12,0.0025,48,0.225,4,2,3,4,1e-07,True,True,True,True,True,kipu,best,0.05,91.60867158268583,73.86533665835412,92.40995186837007,74.67597208374876
12,0.0025,48,0.225,4,2,3,4,1e-07,True,True,True,True,True,kipu,best,0.1,91.93701402330716,75.31172069825436,92.72767550616081,76.47058823529412
12,0.0025,48,0.225,4,2,3,4,1e-07,True,True,True,True,True,kipu,best,0.15,91.3205706669301,74.06483790523691,92.68419515056591,76.07178464606181
12,0.0025,48,0.225,4,2,3,4,1e-07,True,True,True,True,True,kipu,best,0.2,91.72148579220378,74.2643391521197,92.87114453331074,75.47357926221336
13,0.0025,48,0.225,4,2,3,4,1e-07,True,True,True,True,True,kipu,best,0.05,92.03850448215617,75.06234413965088,92.66412227196243,75.2741774675972
13,0.0025,48,0.225,4,2,3,4,1e-07,True,True,True,True,True,kipu,best,0.1,91.59433732512613,74.51371571072319,92.66001146390879,75.47357926221336
13,0.0025,48,0.225,4,2,3,4,1e-07,True,True,True,True,True,kipu,best,0.15,91.47326323690743,74.61346633416458,93.06623140002085,74.37686939182453
13,0.0025,48,0.225,4,2,3,4,1e-07,True,True,True,True,True,kipu,best,0.2,91.31585831164382,74.06483790523691,92.29467063337866,72.98105682951147
14,0.0025,48,0.225,4,2,3,4,1e-07,True,True,True,True,True,kipu,best,0.05,91.61595711095933,74.3142144638404,93.25002470707784,74.57627118644068
14,0.0025,48,0.225,4,2,3,4,1e-07,True,True,True,True,True,kipu,best,0.1,91.30987998376374,73.71571072319202,93.0989028961112,75.07477567298105
14,0.0025,48,0.225,4,2,3,4,1e-07,True,True,True,True,True,kipu,best,0.15,91.9099556954648,75.41147132169576,93.13660788641542,77.16849451645065
14,0.0025,48,0.225,4,2,3,4,1e-07,True,True,True,True,True,kipu,best,0.2,91.45106594553577,73.16708229426435,92.30802240673873,74.97507477567298
15,0.0025,48,0.225,4,2,3,4,1e-07,True,True,True,True,True,kipu,best,0.05,91.98815210553298,73.56608478802993,92.96950253655947,75.2741774675972
15,0.0025,48,0.225,4,2,3,4,1e-07,True,True,True,True,True,kipu,best,0.1,91.59980992616165,73.61596009975062,92.69050230359312,74.57627118644068
15,0.0025,48,0.225,4,2,3,4,1e-07,True,True,True,True,True,kipu,best,0.15,91.97227460736272,74.46384039900249,92.17205221965352,74.8753738783649
15,0.0025,48,0.225,4,2,3,4,1e-07,True,True,True,True,True,kipu,best,0.2,92.14837995035639,74.96259351620948,92.88634979174225,75.17447657028913
16,0.0025,48,0.225,4,2,3,4,1e-07,True,True,True,True,True,kipu,best,0.05,91.49595480271918,74.76309226932668,92.64737428957491,74.37686939182453
16,0.0025,48,0.225,4,2,3,4,1e-07,True,True,True,True,True,kipu,best,0.1,91.64151176798889,74.214463840399,92.51069334526488,71.68494516450647
16,0.0025,48,0.225,4,2,3,4,1e-07,True,True,True,True,True,kipu,best,0.15,91.18285968102164,74.2643391521197,92.81499863645647,74.77567298105683
16,0.0025,48,0.225,4,2,3,4,1e-07,True,True,True,True,True,kipu,best,0.2,91.3834671271081,74.3142144638404,92.34015210877716,74.47657028913261
17,0.0025,48,0.225,4,2,3,4,1e-07,True,True,True,True,True,kipu,best,0.05,92.00700956241968,74.81296758104739,92.62295340169263,73.57926221335993
17,0.0025,48,0.225,4,2,3,4,1e-07,True,True,True,True,True,kipu,best,0.1,91.9495558362774,74.56359102244389,93.09735838636074,74.57627118644068
17,0.0025,48,0.225,4,2,3,4,1e-07,True,True,True,True,True,kipu,best,0.15,91.78995104350314,74.2643391521197,92.42047021693574,75.17447657028913
17,0.0025,48,0.225,4,2,3,4,1e-07,True,True,True,True,True,kipu,best,0.2,91.6538358403395,72.26932668329177,92.94636492031941,73.18045862412762
18,0.0025,48,0.225,4,2,3,4,1e-07,True,True,True,True,True,kipu,best,0.05,91.97995495853148,73.06733167082294,92.8944558373462,73.678963110668
18,0.0025,48,0.225,4,2,3,4,1e-07,True,True,True,True,True,kipu,best,0.1,91.66356599325297,74.2643391521197,92.79542153954222,75.07477567298105
18,0.0025,48,0.225,4,2,3,4,1e-07,True,True,True,True,True,kipu,best,0.15,91.63913824117829,74.51371571072319,92.29730632318748,75.3738783649053
18,0.0025,48,0.225,4,2,3,4,1e-07,True,True,True,True,True,kipu,best,0.2,91.77168592517872,73.61596009975062,93.10004565543221,76.07178464606181
19,0.0025,48,0.225,4,2,3,4,1e-07,True,True,True,True,True,kipu,best,0.05,91.54826089595971,72.71820448877806,92.88227908079811,73.37986041874377
19,0.0025,48,0.225,4,2,3,4,1e-07,True,True,True,True,True,kipu,best,0.1,92.0307301283854,75.26184538653366,92.96930430213983,74.77567298105683
19,0.0025,48,0.225,4,2,3,4,1e-07,True,True,True,True,True,kipu,best,0.15,91.81048104605502,74.61346633416458,92.79426412367366,74.77567298105683
19,0.0025,48,0.225,4,2,3,4,1e-07,True,True,True,True,True,kipu,best,0.2,92.21481982061252,74.713216957606,92.65302822087745,74.37686939182453
20,0.0025,48,0.225,4,2,3,4,1e-07,True,True,True,True,True,kipu,best,0.05,91.71495910112262,74.11471321695761,92.99039461142449,74.37686939182453
20,0.0025,48,0.225,4,2,3,4,1e-07,True,True,True,True,True,kipu,best,0.1,91.66608964395087,73.56608478802993,92.74981449294127,73.28015952143569
20,0.0025,48,0.225,4,2,3,4,1e-07,True,True,True,True,True,kipu,best,0.15,91.43946075638266,74.214463840399,92.06373027153076,73.37986041874377
20,0.0025,48,0.225,4,2,3,4,1e-07,True,True,True,True,True,kipu,best,0.2,91.44281580875139,74.06483790523691,92.67152786684372,75.2741774675972
21,0.0025,48,0.225,4,2,3,4,1e-07,True,True,True,True,True,kipu,best,0.05,92.05073649300954,75.36159600997506,92.81647613745542,75.77268195413758
21,0.0025,48,0.225,4,2,3,4,1e-07,True,True,True,True,True,kipu,best,0.1,92.3095413644868,75.61097256857855,93.06827324104205,74.97507477567298
21,0.0025,48,0.225,4,2,3,4,1e-07,True,True,True,True,True,kipu,best,0.15,91.35864400981342,74.3142144638404,92.60502368548893,74.57627118644068
21,0.0025,48,0.225,4,2,3,4,1e-07,True,True,True,True,True,kipu,best,0.2,90.99125058802542,74.51371571072319,92.67485756764448,75.17447657028913
22,0.0025,48,0.225,4,2,3,4,1e-07,True,True,True,True,True,kipu,best,0.05,91.49207111567866,74.86284289276807,92.51050733280837,73.678963110668
22,0.0025,48,0.225,4,2,3,4,1e-07,True,True,True,True,True,kipu,best,0.1,92.08405292863256,74.06483790523691,93.10658187599311,75.67298105682951
22,0.0025,48,0.225,4,2,3,4,1e-07,True,True,True,True,True,kipu,best,0.15,92.23964650331472,74.76309226932668,93.15642148667405,74.97507477567298
22,0.0025,48,0.225,4,2,3,4,1e-07,True,True,True,True,True,kipu,best,0.2,91.63307196706664,74.51371571072319,92.8435244997065,76.86939182452642
23,0.0025,48,0.225,4,2,3,4,1e-07,True,True,True,True,True,kipu,best,0.05,91.79848848520932,74.91271820448878,92.65278942520091,75.77268195413758
23,0.0025,48,0.225,4,2,3,4,1e-07,True,True,True,True,True,kipu,best,0.1,91.9882966757071,73.61596009975062,92.80951885182999,73.57926221335993
23,0.0025,48,0.225,4,2,3,4,1e-07,True,True,True,True,True,kipu,best,0.15,91.69326719658608,74.2643391521197,93.230930389302,75.3738783649053
23,0.0025,48,0.225,4,2,3,4,1e-07,True,True,True,True,True,kipu,best,0.2,91.7062381328344,74.56359102244389,92.44238127359979,74.67597208374876
24,0.0025,48,0.225,4,2,3,4,1e-07,True,True,True,True,True,kipu,best,0.05,91.51669558048832,74.56359102244389,92.84390478644683,74.97507477567298
24,0.0025,48,0.225,4,2,3,4,1e-07,True,True,True,True,True,kipu,best,0.1,91.6419841913127,73.96508728179552,92.6774218718432,75.07477567298105
24,0.0025,48,0.225,4,2,3,4,1e-07,True,True,True,True,True,kipu,best,0.15,91.58991401696329,74.214463840399,93.13138634404261,74.97507477567298
24,0.0025,48,0.225,4,2,3,4,1e-07,True,True,True,True,True,kipu,best,0.2,91.63441785884491,73.06733167082294,92.82297855187778,73.87836490528414
25,0.0025,48,0.225,4,2,3,4,1e-07,True,True,True,True,True,kipu,best,0.05,91.85147805252235,73.36658354114714,93.02905767000358,75.17447657028913
25,0.0025,48,0.225,4,2,3,4,1e-07,True,True,True,True,True,kipu,best,0.1,91.97047733935764,74.11471321695761,93.05536225793257,75.57328015952145
25,0.0025,48,0.225,4,2,3,4,1e-07,True,True,True,True,True,kipu,best,0.15,91.77587697965262,75.71072319201994,92.97845706621717,76.5702891326022
25,0.0025,48,0.225,4,2,3,4,1e-07,True,True,True,True,True,kipu,best,0.2,91.57475506077677,74.46384039900249,92.53015921951221,73.87836490528414
26,0.0025,48,0.225,4,2,3,4,1e-07,True,True,True,True,True,kipu,best,0.05,91.78689027197112,75.46134663341645,93.14410536409514,74.37686939182453
26,0.0025,48,0.225,4,2,3,4,1e-07,True,True,True,True,True,kipu,best,0.1,91.2017535173692,73.26683291770574,92.47248091166529,74.77567298105683
26,0.0025,48,0.225,4,2,3,4,1e-07,True,True,True,True,True,kipu,best,0.15,91.51445365260747,72.61845386533666,92.37861157556388,74.77567298105683
26,0.0025,48,0.225,4,2,3,4,1e-07,True,True,True,True,True,kipu,best,0.2,92.01758142706485,74.0149625935162,92.58146394480866,74.97507477567298
27,0.0025,48,0.225,4,2,3,4,1e-07,True,True,True,True,True,kipu,best,0.05,92.03983912204433,74.61346633416458,92.78864347791796,75.17447657028913
27,0.0025,48,0.225,4,2,3,4,1e-07,True,True,True,True,True,kipu,best,0.1,91.96791897146535,75.16209476309227,92.80957017803136,73.97806580259221
27,0.0025,48,0.225,4,2,3,4,1e-07,True,True,True,True,True,kipu,best,0.15,91.37469753423167,73.96508728179552,93.00512302849425,76.17148554336988
27,0.0025,48,0.225,4,2,3,4,1e-07,True,True,True,True,True,kipu,best,0.2,91.69692497250257,74.06483790523691,92.70171103848155,75.47357926221336
28,0.0025,48,0.225,4,2,3,4,1e-07,True,True,True,True,True,kipu,best,0.05,91.35095114742381,74.3142144638404,92.80454511481831,74.17746759720838
28,0.0025,48,0.225,4,2,3,4,1e-07,True,True,True,True,True,kipu,best,0.1,91.932066847429,73.66583541147132,92.36138384523433,74.57627118644068
28,0.0025,48,0.225,4,2,3,4,1e-07,True,True,True,True,True,kipu,best,0.15,92.16652021055893,74.214463840399,92.83961704530581,74.37686939182453
28,0.0025,48,0.225,4,2,3,4,1e-07,True,True,True,True,True,kipu,best,0.2,92.18391465364736,76.60847880299252,93.12849545569948,75.87238285144566
29,0.0025,48,0.225,4,2,3,4,1e-07,True,True,True,True,True,kipu,best,0.05,91.75191151853993,74.214463840399,92.93253684126395,75.57328015952145
29,0.0025,48,0.225,4,2,3,4,1e-07,True,True,True,True,True,kipu,best,0.1,91.8387987973596,74.46384039900249,92.94668904279747,73.87836490528414
29,0.0025,48,0.225,4,2,3,4,1e-07,True,True,True,True,True,kipu,best,0.15,91.67001860034738,74.51371571072319,92.38255406621757,75.57328015952145
29,0.0025,48,0.225,4,2,3,4,1e-07,True,True,True,True,True,kipu,best,0.2,91.7534527008358,74.61346633416458,92.93082609333867,75.57328015952145
30,0.0025,48,0.225,4,2,3,4,1e-07,True,True,True,True,True,kipu,best,0.05,91.79823716948866,75.11221945137157,93.04394732081312,76.17148554336988
30,0.0025,48,0.225,4,2,3,4,1e-07,True,True,True,True,True,kipu,best,0.1,91.35349353044592,73.91521197007481,92.98500322309155,75.2741774675972
30,0.0025,48,0.225,4,2,3,4,1e-07,True,True,True,True,True,kipu,best,0.15,91.83361445411285,73.81546134663341,92.83856790757966,73.678963110668
30,0.0025,48,0.225,4,2,3,4,1e-07,True,True,True,True,True,kipu,best,0.2,91.47867934995355,74.46384039900249,92.3262322714411,74.8753738783649
31,0.0025,48,0.225,4,2,3,4,1e-07,True,True,True,True,True,kipu,best,0.05,92.00242530198366,74.96259351620948,93.02407507157803,75.77268195413758
31,0.0025,48,0.225,4,2,3,4,1e-07,True,True,True,True,True,kipu,best,0.1,92.10153035172655,75.76059850374065,93.1411778500631,75.87238285144566
31,0.0025,48,0.225,4,2,3,4,1e-07,True,True,True,True,True,kipu,best,0.15,92.11137866565863,74.06483790523691,92.91879203502612,73.97806580259221
31,0.0025,48,0.225,4,2,3,4,1e-07,True,True,True,True,True,kipu,best,0.2,91.60708655919424,74.713216957606,92.58357512069495,74.8753738783649
32,0.0025,48,0.225,4,2,3,4,1e-07,True,True,True,True,True,kipu,best,0.05,91.73175906625285,73.76558603491273,92.8614040487463,73.678963110668
32,0.0025,48,0.225,4,2,3,4,1e-07,True,True,True,True,True,kipu,best,0.1,91.42227580299587,73.01745635910224,92.75797938015126,75.17447657028913
32,0.0025,48,0.225,4,2,3,4,1e-07,True,True,True,True,True,kipu,best,0.15,92.02450174427635,75.01246882793018,92.88383546367118,74.77567298105683
32,0.0025,48,0.225,4,2,3,4,1e-07,True,True,True,True,True,kipu,best,0.2,91.37179956246531,72.81795511221945,92.12966121750492,73.87836490528414
33,0.0025,48,0.225,4,2,3,4,1e-07,True,True,True,True,True,kipu,best,0.05,91.72593246640892,74.2643391521197,92.50971467943197,74.17746759720838
33,0.0025,48,0.225,4,2,3,4,1e-07,True,True,True,True,True,kipu,best,0.1,91.53673746261653,74.91271820448878,92.91989447641552,75.17447657028913
33,0.0025,48,0.225,4,2,3,4,1e-07,True,True,True,True,True,kipu,best,0.15,91.66963718050154,73.86533665835412,92.2049729972688,73.37986041874377
33,0.0025,48,0.225,4,2,3,4,1e-07,True,True,True,True,True,kipu,best,0.2,92.05772313126799,74.81296758104739,93.41058672427344,74.67597208374876
34,0.0025,48,0.225,4,2,3,4,1e-07,True,True,True,True,True,kipu,best,0.05,91.69344656411249,74.61346633416458,92.68950438777469,74.77567298105683
34,0.0025,48,0.225,4,2,3,4,1e-07,True,True,True,True,True,kipu,best,0.1,91.92515340574137,75.16209476309227,93.22851623832108,74.77567298105683
34,0.0025,48,0.225,4,2,3,4,1e-07,True,True,True,True,True,kipu,best,0.15,91.92875421039474,74.86284289276807,92.80275967576506,74.97507477567298
34,0.0025,48,0.225,4,2,3,4,1e-07,True,True,True,True,True,kipu,best,0.2,91.5945341692443,75.61097256857855,92.96529610108291,76.07178464606181
35,0.0025,48,0.225,4,2,3,4,1e-07,True,True,True,True,True,kipu,best,0.05,91.40017718875751,73.46633416458853,92.55789407817916,73.97806580259221
35,0.0025,48,0.225,4,2,3,4,1e-07,True,True,True,True,True,kipu,best,0.1,91.7299847867955,74.06483790523691,92.61211130620951,74.67597208374876
35,0.0025,48,0.225,4,2,3,4,1e-07,True,True,True,True,True,kipu,best,0.15,91.63147018096215,74.86284289276807,92.78150446383293,73.77866400797608
35,0.0025,48,0.225,4,2,3,4,1e-07,True,True,True,True,True,kipu,best,0.2,91.61730520240774,75.16209476309227,92.96400239192464,76.07178464606181
36,0.0025,48,0.225,4,2,3,4,1e-07,True,True,True,True,True,kipu,best,0.05,91.95591239197502,75.01246882793018,93.06265546182847,76.27118644067797
36,0.0025,48,0.225,4,2,3,4,1e-07,True,True,True,True,True,kipu,best,0.1,91.51258733085837,74.1645885286783,92.72897140107351,75.2741774675972
36,0.0025,48,0.225,4,2,3,4,1e-07,True,True,True,True,True,kipu,best,0.15,91.66022591987989,74.713216957606,93.06263481900243,75.77268195413758
36,0.0025,48,0.225,4,2,3,4,1e-07,True,True,True,True,True,kipu,best,0.2,92.02738894605616,74.51371571072319,92.91216506241125,74.0777666999003
37,0.0025,48,0.225,4,2,3,4,1e-07,True,True,True,True,True,kipu,best,0.05,91.29858553610094,74.06483790523691,92.84696128581737,75.3738783649053
37,0.0025,48,0.225,4,2,3,4,1e-07,True,True,True,True,True,kipu,best,0.1,92.04117540571104,74.56359102244389,92.73969116221403,76.07178464606181
37,0.0025,48,0.225,4,2,3,4,1e-07,True,True,True,True,True,kipu,best,0.15,92.0902438981965,74.61346633416458,92.71301516365644,75.57328015952145
37,0.0025,48,0.225,4,2,3,4,1e-07,True,True,True,True,True,kipu,best,0.2,91.93207271077858,73.91521197007481,92.67109017000719,73.47956131605184
38,0.0025,48,0.225,4,2,3,4,1e-07,True,True,True,True,True,kipu,best,0.05,91.69448692945677,75.56109725685786,92.86137731643534,75.2741774675972
38,0.0025,48,0.225,4,2,3,4,1e-07,True,True,True,True,True,kipu,best,0.1,91.9056094865875,73.71571072319202,92.43045201965467,73.28015952143569
38,0.0025,48,0.225,4,2,3,4,1e-07,True,True,True,True,True,kipu,best,0.15,92.17363298197529,73.61596009975062,92.77111717263703,73.47956131605184
38,0.0025,48,0.225,4,2,3,4,1e-07,True,True,True,True,True,kipu,best,0.2,91.33065547977061,71.92019950124688,92.53915166507642,74.47657028913261
39,0.0025,48,0.225,4,2,3,4,1e-07,True,True,True,True,True,kipu,best,0.05,91.2459976755137,73.86533665835412,92.19667103193547,75.3738783649053
39,0.0025,48,0.225,4,2,3,4,1e-07,True,True,True,True,True,kipu,best,0.1,91.8593475211698,75.01246882793018,92.75212830910068,75.2741774675972
39,0.0025,48,0.225,4,2,3,4,1e-07,True,True,True,True,True,kipu,best,0.15,91.48691461933707,74.81296758104739,92.44504213687394,73.18045862412762
39,0.0025,48,0.225,4,2,3,4,1e-07,True,True,True,True,True,kipu,best,0.2,91.65001269043096,73.81546134663341,92.89812742716079,74.57627118644068
40,0.0025,48,0.225,4,2,3,4,1e-07,True,True,True,True,True,kipu,best,0.05,91.6638417081242,74.11471321695761,92.75681947195673,76.07178464606181
40,0.0025,48,0.225,4,2,3,4,1e-07,True,True,True,True,True,kipu,best,0.1,92.05349020611226,75.36159600997506,93.16894408210273,77.26819541375872
40,0.0025,48,0.225,4,2,3,4,1e-07,True,True,True,True,True,kipu,best,0.15,92.18363387352248,74.3640897755611,93.12220170463766,76.07178464606181
40,0.0025,48,0.225,4,2,3,4,1e-07,True,True,True,True,True,kipu,best,0.2,92.0682603373318,74.76309226932668,93.30099825322425,74.8753738783649
41,0.0025,48,0.225,4,2,3,4,1e-07,True,True,True,True,True,kipu,best,0.05,91.8941491934605,73.61596009975062,93.03986539930763,75.77268195413758
41,0.0025,48,0.225,4,2,3,4,1e-07,True,True,True,True,True,kipu,best,0.1,91.6561082165605,75.01246882793018,92.74896209366426,75.87238285144566
41,0.0025,48,0.225,4,2,3,4,1e-07,True,True,True,True,True,kipu,best,0.15,92.15945304715183,74.46384039900249,93.16495524409952,75.07477567298105
41,0.0025,48,0.225,4,2,3,4,1e-07,True,True,True,True,True,kipu,best,0.2,91.79422573819785,74.76309226932668,92.74458241880356,73.18045862412762
42,0.0025,48,0.225,4,2,3,4,1e-07,True,True,True,True,True,kipu,best,0.05,91.6439664381208,73.16708229426435,92.92581737702818,74.27716849451646
42,0.0025,48,0.225,4,2,3,4,1e-07,True,True,True,True,True,kipu,best,0.1,91.93082568464203,74.46384039900249,92.4636118337044,74.8753738783649
42,0.0025,48,0.225,4,2,3,4,1e-07,True,True,True,True,True,kipu,best,0.15,92.05381606568241,74.81296758104739,93.12148014681281,75.17447657028913
42,0.0025,48,0.225,4,2,3,4,1e-07,True,True,True,True,True,kipu,best,0.2,91.69347325714229,73.36658354114714,92.74266666603596,73.678963110668
43,0.0025,48,0.225,4,2,3,4,1e-07,True,True,True,True,True,kipu,best,0.05,91.69076806391298,74.46384039900249,92.71485107798361,73.77866400797608
43,0.0025,48,0.225,4,2,3,4,1e-07,True,True,True,True,True,kipu,best,0.1,91.81992946429169,74.3142144638404,92.71616442519968,74.0777666999003
43,0.0025,48,0.225,4,2,3,4,1e-07,True,True,True,True,True,kipu,best,0.15,91.97412819104862,74.76309226932668,92.74341733018379,75.57328015952145
43,0.0025,48,0.225,4,2,3,4,1e-07,True,True,True,True,True,kipu,best,0.2,91.41490957612216,74.06483790523691,92.64889347345411,73.77866400797608
44,0.0025,48,0.225,4,2,3,4,1e-07,True,True,True,True,True,kipu,best,0.05,91.93838768038809,73.51620947630923,92.90640988778891,73.47956131605184
44,0.0025,48,0.225,4,2,3,4,1e-07,True,True,True,True,True,kipu,best,0.1,92.25190237430611,75.16209476309227,93.15705866870331,76.07178464606181
44,0.0025,48,0.225,4,2,3,4,1e-07,True,True,True,True,True,kipu,best,0.15,91.3700957087648,74.0149625935162,92.79224414659352,74.67597208374876
44,0.0025,48,0.225,4,2,3,4,1e-07,True,True,True,True,True,kipu,best,0.2,92.1487759441559,74.214463840399,92.81768109557922,74.47657028913261
45,0.0025,48,0.225,4,2,3,4,1e-07,True,True,True,True,True,kipu,best,0.05,91.94188630967402,75.11221945137157,92.37252333202389,75.3738783649053
45,0.0025,48,0.225,4,2,3,4,1e-07,True,True,True,True,True,kipu,best,0.1,92.09123620735534,75.16209476309227,92.43461940481471,74.37686939182453
45,0.0025,48,0.225,4,2,3,4,1e-07,True,True,True,True,True,kipu,best,0.15,91.90646163391796,74.06483790523691,92.9073387450279,74.8753738783649
45,0.0025,48,0.225,4,2,3,4,1e-07,True,True,True,True,True,kipu,best,0.2,91.65044824351496,74.51371571072319,93.06213328700676,74.77567298105683
46,0.0025,48,0.225,4,2,3,4,1e-07,True,True,True,True,True,kipu,best,0.05,92.13417231065145,75.41147132169576,92.89662484084083,76.27118644067797
46,0.0025,48,0.225,4,2,3,4,1e-07,True,True,True,True,True,kipu,best,0.1,91.93010844781121,74.4139650872818,92.82557081762953,74.0777666999003
46,0.0025,48,0.225,4,2,3,4,1e-07,True,True,True,True,True,kipu,best,0.15,91.6623535207275,74.76309226932668,92.6995358614028,74.37686939182453
46,0.0025,48,0.225,4,2,3,4,1e-07,True,True,True,True,True,kipu,best,0.2,92.02892545161163,72.61845386533666,93.26959363989347,72.48255234297109
47,0.0025,48,0.225,4,2,3,4,1e-07,True,True,True,True,True,kipu,best,0.05,92.072038814916,74.4139650872818,93.05379477633642,73.87836490528414
47,0.0025,48,0.225,4,2,3,4,1e-07,True,True,True,True,True,kipu,best,0.1,91.51130972010515,75.31172069825436,92.97674299957276,74.8753738783649
47,0.0025,48,0.225,4,2,3,4,1e-07,True,True,True,True,True,kipu,best,0.15,92.35095239836498,75.11221945137157,93.08454167513219,76.37088733798603
47,0.0025,48,0.225,4,2,3,4,1e-07,True,True,True,True,True,kipu,best,0.2,91.11740753436183,74.66334164588528,92.48375296197956,73.87836490528414
48,0.0025,48,0.225,4,2,3,4,1e-07,True,True,True,True,True,kipu,best,0.05,92.3884415828445,74.713216957606,93.21104856461969,75.3738783649053
48,0.0025,48,0.225,4,2,3,4,1e-07,True,True,True,True,True,kipu,best,0.1,91.44239458597319,73.31670822942642,92.44567529607663,75.57328015952145
48,0.0025,48,0.225,4,2,3,4,1e-07,True,True,True,True,True,kipu,best,0.15,91.57356566374935,74.3142144638404,93.07759051569879,75.47357926221336
48,0.0025,48,0.225,4,2,3,4,1e-07,True,True,True,True,True,kipu,best,0.2,91.60857348149588,74.11471321695761,92.64359148459347,73.678963110668
49,0.0025,48,0.225,4,2,3,4,1e-07,True,True,True,True,True,kipu,best,0.05,91.96325607349863,75.16209476309227,93.14059092825036,75.3738783649053
49,0.0025,48,0.225,4,2,3,4,1e-07,True,True,True,True,True,kipu,best,0.1,91.58231255078017,71.87032418952619,92.89459007469928,73.77866400797608
49,0.0025,48,0.225,4,2,3,4,1e-07,True,True,True,True,True,kipu,best,0.15,91.68521008124253,74.66334164588528,92.88009845180773,75.3738783649053
49,0.0025,48,0.225,4,2,3,4,1e-07,True,True,True,True,True,kipu,best,0.2,92.00437087239884,74.61346633416458,93.02183051909131,74.8753738783649
