idx,dropout,lr,quantum_data,test_auc,test_acc,val_auc,val_acc,#params,RD
0,"{'embedding_attn': 0.475, 'after_attn': 0.475, 'feedforward': 0.35, 'embedding_pos': 0.35}",0.0004,king_measure_all,90.89219124439121,72.81795511221945,91.5052572055721,73.87836490528414,1300959,2
0,"{'embedding_attn': 0.375, 'after_attn': 0.375, 'feedforward': 0.3, 'embedding_pos': 0.3}",0.00085,king_measure_cross,91.4171989260215,73.91521197007481,92.22339960326809,74.57627118644068,572235,1
0,"{'embedding_attn': 0.325, 'after_attn': 0.325, 'feedforward': 0.275, 'embedding_pos': 0.275}",0.001,king_measure_corners,88.36790163090336,70.82294264339151,90.13045398250962,70.28913260219342,374907,1
0,"{'embedding_attn': 0.275, 'after_attn': 0.275, 'feedforward': 0.25, 'embedding_pos': 0.25}",0.00175,king_2_ancilla,91.23187996334198,74.91271820448878,92.38542058613788,74.47657028913261,104667,1
0,"{'embedding_attn': 0.25, 'after_attn': 0.25, 'feedforward': 0.225, 'embedding_pos': 0.225}",0.0025,king_1_ancilla,91.56116319581,74.06483790523691,92.46978536205329,72.68195413758724,31755,1
1,"{'embedding_attn': 0.475, 'after_attn': 0.475, 'feedforward': 0.35, 'embedding_pos': 0.35}",0.0004,king_measure_all,90.80570641568933,72.81795511221945,91.57627622739084,74.0777666999003,1300959,2
1,"{'embedding_attn': 0.375, 'after_attn': 0.375, 'feedforward': 0.3, 'embedding_pos': 0.3}",0.00085,king_measure_cross,91.17134385915735,73.86533665835412,92.16421689438009,74.27716849451646,572235,1
1,"{'embedding_attn': 0.325, 'after_attn': 0.325, 'feedforward': 0.275, 'embedding_pos': 0.275}",0.001,king_measure_corners,88.86275871541764,71.67082294264338,90.85654598348991,69.99002991026919,374907,1
1,"{'embedding_attn': 0.275, 'after_attn': 0.275, 'feedforward': 0.25, 'embedding_pos': 0.25}",0.00175,king_2_ancilla,90.9616798855431,74.96259351620948,92.29219141358001,73.08075772681954,104667,1
1,"{'embedding_attn': 0.25, 'after_attn': 0.25, 'feedforward': 0.225, 'embedding_pos': 0.225}",0.0025,king_1_ancilla,91.12326287968983,73.46633416458853,91.6467611787051,71.68494516450647,31755,1
2,"{'embedding_attn': 0.475, 'after_attn': 0.475, 'feedforward': 0.35, 'embedding_pos': 0.35}",0.0004,king_measure_all,90.98045397047585,73.56608478802993,91.76496808983052,74.17746759720838,1300959,2
2,"{'embedding_attn': 0.375, 'after_attn': 0.375, 'feedforward': 0.3, 'embedding_pos': 0.3}",0.00085,king_measure_cross,91.68681645542573,72.96758104738154,91.87225921788428,73.678963110668,572235,1
2,"{'embedding_attn': 0.325, 'after_attn': 0.325, 'feedforward': 0.275, 'embedding_pos': 0.275}",0.001,king_measure_corners,89.10700331610091,72.76807980049875,91.15939320378898,70.48853439680957,374907,1
2,"{'embedding_attn': 0.275, 'after_attn': 0.275, 'feedforward': 0.25, 'embedding_pos': 0.25}",0.00175,king_2_ancilla,91.12238497497736,73.06733167082294,92.47969333069878,72.58225324027916,104667,1
2,"{'embedding_attn': 0.25, 'after_attn': 0.25, 'feedforward': 0.225, 'embedding_pos': 0.225}",0.0025,king_1_ancilla,90.92861684483579,74.4139650872818,92.10995717155697,72.08374875373879,31755,1
3,"{'embedding_attn': 0.475, 'after_attn': 0.475, 'feedforward': 0.35, 'embedding_pos': 0.35}",0.0004,king_measure_all,90.24227193156746,73.11720698254364,91.59109245375342,74.37686939182453,1300959,2
3,"{'embedding_attn': 0.375, 'after_attn': 0.375, 'feedforward': 0.3, 'embedding_pos': 0.3}",0.00085,king_measure_cross,91.83081229804426,74.91271820448878,92.68904364073533,74.77567298105683,572235,1
3,"{'embedding_attn': 0.325, 'after_attn': 0.325, 'feedforward': 0.275, 'embedding_pos': 0.275}",0.001,king_measure_corners,89.28554176962079,71.97007481296758,91.04933188971594,72.08374875373879,374907,1
3,"{'embedding_attn': 0.275, 'after_attn': 0.275, 'feedforward': 0.25, 'embedding_pos': 0.25}",0.00175,king_2_ancilla,90.96120681360918,74.86284289276807,92.29793617953425,73.87836490528414,104667,1
3,"{'embedding_attn': 0.25, 'after_attn': 0.25, 'feedforward': 0.225, 'embedding_pos': 0.225}",0.0025,king_1_ancilla,91.40791157370643,74.3142144638404,92.54070851846267,74.0777666999003,31755,1
4,"{'embedding_attn': 0.475, 'after_attn': 0.475, 'feedforward': 0.35, 'embedding_pos': 0.35}",0.0004,king_measure_all,90.50113335228164,72.01995012468828,92.08169363621002,74.17746759720838,1300959,2
4,"{'embedding_attn': 0.375, 'after_attn': 0.375, 'feedforward': 0.3, 'embedding_pos': 0.3}",0.00085,king_measure_cross,91.76226929312222,73.66583541147132,92.20638521382077,74.8753738783649,572235,1
4,"{'embedding_attn': 0.325, 'after_attn': 0.325, 'feedforward': 0.275, 'embedding_pos': 0.275}",0.001,king_measure_corners,88.53385371936619,70.62344139650872,90.6808257137741,68.59421734795613,374907,1
4,"{'embedding_attn': 0.275, 'after_attn': 0.275, 'feedforward': 0.25, 'embedding_pos': 0.25}",0.00175,king_2_ancilla,91.1391182028524,74.0149625935162,92.50139795363002,74.17746759720838,104667,1
4,"{'embedding_attn': 0.25, 'after_attn': 0.25, 'feedforward': 0.225, 'embedding_pos': 0.225}",0.0025,king_1_ancilla,91.41327712483044,72.76807980049875,92.31717061939807,73.97806580259221,31755,1
5,"{'embedding_attn': 0.475, 'after_attn': 0.475, 'feedforward': 0.35, 'embedding_pos': 0.35}",0.0004,king_measure_all,90.86785295690981,73.16708229426435,91.91799048719635,74.17746759720838,1300959,2
5,"{'embedding_attn': 0.375, 'after_attn': 0.375, 'feedforward': 0.3, 'embedding_pos': 0.3}",0.00085,king_measure_cross,91.70408592560352,73.91521197007481,92.140361113322,74.97507477567298,572235,1
5,"{'embedding_attn': 0.325, 'after_attn': 0.325, 'feedforward': 0.275, 'embedding_pos': 0.275}",0.001,king_measure_corners,87.47336392852479,71.77057356608478,90.25881802438771,70.48853439680957,374907,1
5,"{'embedding_attn': 0.275, 'after_attn': 0.275, 'feedforward': 0.25, 'embedding_pos': 0.25}",0.00175,king_2_ancilla,91.19614077781002,74.76309226932668,92.21380241722242,74.57627118644068,104667,1
5,"{'embedding_attn': 0.25, 'after_attn': 0.25, 'feedforward': 0.225, 'embedding_pos': 0.225}",0.0025,king_1_ancilla,90.75759539906672,73.36658354114714,91.61500725229148,73.87836490528414,31755,1
6,"{'embedding_attn': 0.475, 'after_attn': 0.475, 'feedforward': 0.35, 'embedding_pos': 0.35}",0.0004,king_measure_all,90.47928191877487,73.01745635910224,91.35232003826349,73.37986041874377,1300959,2
6,"{'embedding_attn': 0.375, 'after_attn': 0.375, 'feedforward': 0.3, 'embedding_pos': 0.3}",0.00085,king_measure_cross,91.30275293336344,73.96508728179552,92.44780533421634,74.37686939182453,572235,1
6,"{'embedding_attn': 0.325, 'after_attn': 0.325, 'feedforward': 0.275, 'embedding_pos': 0.275}",0.001,king_measure_corners,88.27639992435029,70.92269326683291,90.60667913486536,70.68793619142572,374907,1
6,"{'embedding_attn': 0.275, 'after_attn': 0.275, 'feedforward': 0.25, 'embedding_pos': 0.25}",0.00175,king_2_ancilla,91.56997516109617,73.21695760598503,92.56002580791717,72.88135593220339,104667,1
6,"{'embedding_attn': 0.25, 'after_attn': 0.25, 'feedforward': 0.225, 'embedding_pos': 0.225}",0.0025,king_1_ancilla,91.30793919756987,73.41645885286783,92.20299586824166,70.28913260219342,31755,1
7,"{'embedding_attn': 0.475, 'after_attn': 0.475, 'feedforward': 0.35, 'embedding_pos': 0.35}",0.0004,king_measure_all,90.44418091750931,71.4214463840399,91.55338302824696,73.678963110668,1300959,2
7,"{'embedding_attn': 0.375, 'after_attn': 0.375, 'feedforward': 0.3, 'embedding_pos': 0.3}",0.00085,king_measure_cross,91.65743039160238,75.06234413965088,92.50073049971438,74.77567298105683,572235,1
7,"{'embedding_attn': 0.325, 'after_attn': 0.325, 'feedforward': 0.275, 'embedding_pos': 0.275}",0.001,king_measure_corners,88.38526457362124,70.72319201995012,90.90692945879927,69.39182452642075,374907,1
7,"{'embedding_attn': 0.275, 'after_attn': 0.275, 'feedforward': 0.25, 'embedding_pos': 0.25}",0.00175,king_2_ancilla,91.6646992145457,75.11221945137157,92.42351432752375,73.87836490528414,104667,1
7,"{'embedding_attn': 0.25, 'after_attn': 0.25, 'feedforward': 0.225, 'embedding_pos': 0.225}",0.0025,king_1_ancilla,91.47072417920612,74.51371571072319,92.53925878149535,74.37686939182453,31755,1
8,"{'embedding_attn': 0.475, 'after_attn': 0.475, 'feedforward': 0.35, 'embedding_pos': 0.35}",0.0004,king_measure_all,91.0923644296039,73.06733167082294,92.12067900657226,74.8753738783649,1300959,2
8,"{'embedding_attn': 0.375, 'after_attn': 0.375, 'feedforward': 0.3, 'embedding_pos': 0.3}",0.00085,king_measure_cross,91.56381474226629,74.86284289276807,92.36796286155592,74.97507477567298,572235,1
8,"{'embedding_attn': 0.325, 'after_attn': 0.325, 'feedforward': 0.275, 'embedding_pos': 0.275}",0.001,king_measure_corners,88.32565340542794,71.6209476309227,90.63614307014046,71.1864406779661,374907,1
8,"{'embedding_attn': 0.275, 'after_attn': 0.275, 'feedforward': 0.25, 'embedding_pos': 0.25}",0.00175,king_2_ancilla,91.08928340263071,74.3142144638404,92.21644693338446,72.88135593220339,104667,1
8,"{'embedding_attn': 0.25, 'after_attn': 0.25, 'feedforward': 0.225, 'embedding_pos': 0.225}",0.0025,king_1_ancilla,91.52153703654896,74.51371571072319,92.07398644319143,74.27716849451646,31755,1
9,"{'embedding_attn': 0.475, 'after_attn': 0.475, 'feedforward': 0.35, 'embedding_pos': 0.35}",0.0004,king_measure_all,91.07321162934501,73.56608478802993,91.93042819716227,75.2741774675972,1300959,2
9,"{'embedding_attn': 0.375, 'after_attn': 0.375, 'feedforward': 0.3, 'embedding_pos': 0.3}",0.00085,king_measure_cross,91.42669617453268,72.61845386533666,91.7817892549569,75.47357926221336,572235,1
9,"{'embedding_attn': 0.325, 'after_attn': 0.325, 'feedforward': 0.275, 'embedding_pos': 0.275}",0.001,king_measure_corners,88.62552207323508,70.17456359102245,90.25814877031453,69.79062811565304,374907,1
9,"{'embedding_attn': 0.275, 'after_attn': 0.275, 'feedforward': 0.25, 'embedding_pos': 0.25}",0.00175,king_2_ancilla,91.36353566380765,75.46134663341645,92.39747354703995,74.0777666999003,104667,1
9,"{'embedding_attn': 0.25, 'after_attn': 0.25, 'feedforward': 0.225, 'embedding_pos': 0.225}",0.0025,king_1_ancilla,91.3495234505963,74.214463840399,92.43797042066102,73.28015952143569,31755,1
10,"{'embedding_attn': 0.475, 'after_attn': 0.475, 'feedforward': 0.35, 'embedding_pos': 0.35}",0.0004,king_measure_all,91.17713690583582,74.56359102244389,92.06080548675547,74.77567298105683,1300959,2
10,"{'embedding_attn': 0.375, 'after_attn': 0.375, 'feedforward': 0.3, 'embedding_pos': 0.3}",0.00085,king_measure_cross,91.32158346170512,73.31670822942642,92.1338113177879,73.08075772681954,572235,1
10,"{'embedding_attn': 0.325, 'after_attn': 0.325, 'feedforward': 0.275, 'embedding_pos': 0.275}",0.001,king_measure_corners,89.56447424147589,73.01745635910224,91.28249075715277,73.57926221335993,374907,1
10,"{'embedding_attn': 0.275, 'after_attn': 0.275, 'feedforward': 0.25, 'embedding_pos': 0.25}",0.00175,king_2_ancilla,91.32279829001789,74.66334164588528,92.32786927568145,74.67597208374876,104667,1
10,"{'embedding_attn': 0.25, 'after_attn': 0.25, 'feedforward': 0.225, 'embedding_pos': 0.225}",0.0025,king_1_ancilla,91.19515079335424,73.46633416458853,92.03383806677675,73.37986041874377,31755,1
11,"{'embedding_attn': 0.475, 'after_attn': 0.475, 'feedforward': 0.35, 'embedding_pos': 0.35}",0.0004,king_measure_all,90.68429869014342,73.26683291770574,91.71225451480277,73.08075772681954,1300959,2
11,"{'embedding_attn': 0.375, 'after_attn': 0.375, 'feedforward': 0.3, 'embedding_pos': 0.3}",0.00085,king_measure_cross,91.29671043432562,74.56359102244389,92.4589971806608,75.47357926221336,572235,1
11,"{'embedding_attn': 0.325, 'after_attn': 0.325, 'feedforward': 0.275, 'embedding_pos': 0.275}",0.001,king_measure_corners,88.95701227131993,71.97007481296758,90.74052187148375,73.37986041874377,374907,1
11,"{'embedding_attn': 0.275, 'after_attn': 0.275, 'feedforward': 0.25, 'embedding_pos': 0.25}",0.00175,king_2_ancilla,91.14919798941295,74.81296758104739,92.34641600316161,75.67298105682951,104667,1
11,"{'embedding_attn': 0.25, 'after_attn': 0.25, 'feedforward': 0.225, 'embedding_pos': 0.225}",0.0025,king_1_ancilla,91.52665890409199,73.61596009975062,92.26971577746454,72.88135593220339,31755,1
12,"{'embedding_attn': 0.475, 'after_attn': 0.475, 'feedforward': 0.35, 'embedding_pos': 0.35}",0.0004,king_measure_all,90.17508149808134,72.16957605985037,91.81856445969557,73.18045862412762,1300959,2
12,"{'embedding_attn': 0.375, 'after_attn': 0.375, 'feedforward': 0.3, 'embedding_pos': 0.3}",0.00085,king_measure_cross,91.47175204355393,74.214463840399,92.43382203844902,74.27716849451646,572235,1
12,"{'embedding_attn': 0.325, 'after_attn': 0.325, 'feedforward': 0.275, 'embedding_pos': 0.275}",0.001,king_measure_corners,88.96270539748235,72.66832917705736,91.4027853089871,72.58225324027916,374907,1
12,"{'embedding_attn': 0.275, 'after_attn': 0.275, 'feedforward': 0.25, 'embedding_pos': 0.25}",0.00175,king_2_ancilla,90.83619804194424,74.11471321695761,92.36922283834345,74.97507477567298,104667,1
12,"{'embedding_attn': 0.25, 'after_attn': 0.25, 'feedforward': 0.225, 'embedding_pos': 0.225}",0.0025,king_1_ancilla,91.18401354724365,74.06483790523691,91.8429350008087,73.47956131605184,31755,1
13,"{'embedding_attn': 0.475, 'after_attn': 0.475, 'feedforward': 0.35, 'embedding_pos': 0.35}",0.0004,king_measure_all,90.0644347791186,72.81795511221945,91.00596937716867,74.77567298105683,1300959,2
13,"{'embedding_attn': 0.375, 'after_attn': 0.375, 'feedforward': 0.3, 'embedding_pos': 0.3}",0.00085,king_measure_cross,91.12406328026081,74.3142144638404,92.30166504085207,75.47357926221336,572235,1
13,"{'embedding_attn': 0.325, 'after_attn': 0.325, 'feedforward': 0.275, 'embedding_pos': 0.275}",0.001,king_measure_corners,88.60215720637251,71.571072319202,90.48906910864618,71.48554336989032,374907,1
13,"{'embedding_attn': 0.275, 'after_attn': 0.275, 'feedforward': 0.25, 'embedding_pos': 0.25}",0.00175,king_2_ancilla,90.84145068330261,74.214463840399,92.1590747429973,75.3738783649053,104667,1
13,"{'embedding_attn': 0.25, 'after_attn': 0.25, 'feedforward': 0.225, 'embedding_pos': 0.225}",0.0025,king_1_ancilla,91.36276414633068,73.46633416458853,92.6395371750109,74.57627118644068,31755,1
14,"{'embedding_attn': 0.475, 'after_attn': 0.475, 'feedforward': 0.35, 'embedding_pos': 0.35}",0.0004,king_measure_all,90.26889002341399,71.7206982543641,91.36455267584309,73.678963110668,1300959,2
14,"{'embedding_attn': 0.375, 'after_attn': 0.375, 'feedforward': 0.3, 'embedding_pos': 0.3}",0.00085,king_measure_cross,91.34880807432454,74.3640897755611,92.54783820714663,75.07477567298105,572235,1
14,"{'embedding_attn': 0.325, 'after_attn': 0.325, 'feedforward': 0.275, 'embedding_pos': 0.275}",0.001,king_measure_corners,88.60244289046328,71.97007481296758,90.8348296709851,70.48853439680957,374907,1
14,"{'embedding_attn': 0.275, 'after_attn': 0.275, 'feedforward': 0.25, 'embedding_pos': 0.25}",0.00175,king_2_ancilla,91.05369470792873,73.46633416458853,92.2792359554114,73.87836490528414,104667,1
14,"{'embedding_attn': 0.25, 'after_attn': 0.25, 'feedforward': 0.225, 'embedding_pos': 0.225}",0.0025,king_1_ancilla,91.53951263446064,74.56359102244389,92.45287404862401,73.28015952143569,31755,1
15,"{'embedding_attn': 0.475, 'after_attn': 0.475, 'feedforward': 0.35, 'embedding_pos': 0.35}",0.0004,king_measure_all,90.68951510361934,73.81546134663341,92.08103758057989,73.28015952143569,1300959,2
15,"{'embedding_attn': 0.375, 'after_attn': 0.375, 'feedforward': 0.3, 'embedding_pos': 0.3}",0.00085,king_measure_cross,91.71078125767505,74.66334164588528,92.36044546312897,75.07477567298105,572235,1
15,"{'embedding_attn': 0.325, 'after_attn': 0.325, 'feedforward': 0.275, 'embedding_pos': 0.275}",0.001,king_measure_corners,88.5447538439978,71.67082294264338,90.78993561479805,69.69092721834497,374907,1
15,"{'embedding_attn': 0.275, 'after_attn': 0.275, 'feedforward': 0.25, 'embedding_pos': 0.25}",0.00175,king_2_ancilla,91.68096664049193,74.3640897755611,92.3138009277393,72.78165503489531,104667,1
15,"{'embedding_attn': 0.25, 'after_attn': 0.25, 'feedforward': 0.225, 'embedding_pos': 0.225}",0.0025,king_1_ancilla,91.24178466530692,74.61346633416458,92.0283982164331,72.78165503489531,31755,1
16,"{'embedding_attn': 0.475, 'after_attn': 0.475, 'feedforward': 0.35, 'embedding_pos': 0.35}",0.0004,king_measure_all,90.50126527793164,72.51870324189527,91.40441675763515,73.97806580259221,1300959,2
16,"{'embedding_attn': 0.375, 'after_attn': 0.375, 'feedforward': 0.3, 'embedding_pos': 0.3}",0.00085,king_measure_cross,91.45087050533094,74.214463840399,92.25337509292602,74.97507477567298,572235,1
16,"{'embedding_attn': 0.325, 'after_attn': 0.325, 'feedforward': 0.275, 'embedding_pos': 0.275}",0.001,king_measure_corners,89.0837800242479,73.36658354114714,90.8647140463774,72.88135593220339,374907,1
16,"{'embedding_attn': 0.275, 'after_attn': 0.275, 'feedforward': 0.25, 'embedding_pos': 0.25}",0.00175,king_2_ancilla,91.33869080054787,73.66583541147132,92.3246095509589,73.87836490528414,104667,1
16,"{'embedding_attn': 0.25, 'after_attn': 0.25, 'feedforward': 0.225, 'embedding_pos': 0.225}",0.0025,king_1_ancilla,90.76530888638466,71.82044887780549,92.20871054823743,69.99002991026919,31755,1
17,"{'embedding_attn': 0.475, 'after_attn': 0.475, 'feedforward': 0.35, 'embedding_pos': 0.35}",0.0004,king_measure_all,90.59821491925221,73.81546134663341,91.57271569075789,75.47357926221336,1300959,2
17,"{'embedding_attn': 0.375, 'after_attn': 0.375, 'feedforward': 0.3, 'embedding_pos': 0.3}",0.00085,king_measure_cross,92.0676031310715,74.713216957606,92.41954850153827,72.98105682951147,572235,1
17,"{'embedding_attn': 0.325, 'after_attn': 0.325, 'feedforward': 0.275, 'embedding_pos': 0.275}",0.001,king_measure_corners,88.88486534053973,71.82044887780549,91.36349326496178,71.48554336989032,374907,1
17,"{'embedding_attn': 0.275, 'after_attn': 0.275, 'feedforward': 0.25, 'embedding_pos': 0.25}",0.00175,king_2_ancilla,91.49955836551679,73.51620947630923,92.67947963195554,74.67597208374876,104667,1
17,"{'embedding_attn': 0.25, 'after_attn': 0.25, 'feedforward': 0.225, 'embedding_pos': 0.225}",0.0025,king_1_ancilla,91.48092125899271,73.96508728179552,92.05122589891619,73.18045862412762,31755,1
18,"{'embedding_attn': 0.475, 'after_attn': 0.475, 'feedforward': 0.35, 'embedding_pos': 0.35}",0.0004,king_measure_all,91.11340625250459,73.21695760598503,91.98836968464953,73.37986041874377,1300959,2
18,"{'embedding_attn': 0.375, 'after_attn': 0.375, 'feedforward': 0.3, 'embedding_pos': 0.3}",0.00085,king_measure_cross,91.71805188575294,74.46384039900249,92.05470601695922,74.27716849451646,572235,1
18,"{'embedding_attn': 0.325, 'after_attn': 0.325, 'feedforward': 0.275, 'embedding_pos': 0.275}",0.001,king_measure_corners,88.61657458984962,70.52369077306733,90.20651961228063,69.49152542372882,374907,1
18,"{'embedding_attn': 0.275, 'after_attn': 0.275, 'feedforward': 0.25, 'embedding_pos': 0.25}",0.00175,king_2_ancilla,91.5558485138044,74.51371571072319,92.3026559848311,74.57627118644068,104667,1
18,"{'embedding_attn': 0.25, 'after_attn': 0.25, 'feedforward': 0.225, 'embedding_pos': 0.225}",0.0025,king_1_ancilla,91.3490926908182,73.86533665835412,92.02692154429587,72.58225324027916,31755,1
19,"{'embedding_attn': 0.475, 'after_attn': 0.475, 'feedforward': 0.35, 'embedding_pos': 0.35}",0.0004,king_measure_all,90.2214052401147,72.71820448877806,91.30390282457151,73.57926221335993,1300959,2
19,"{'embedding_attn': 0.375, 'after_attn': 0.375, 'feedforward': 0.3, 'embedding_pos': 0.3}",0.00085,king_measure_cross,91.55880232167276,73.76558603491273,92.41230238933757,74.27716849451646,572235,1
19,"{'embedding_attn': 0.325, 'after_attn': 0.325, 'feedforward': 0.275, 'embedding_pos': 0.275}",0.001,king_measure_corners,88.50948146741244,72.16957605985037,90.97042490795003,70.18943170488534,374907,1
19,"{'embedding_attn': 0.275, 'after_attn': 0.275, 'feedforward': 0.25, 'embedding_pos': 0.25}",0.00175,king_2_ancilla,91.24938436900513,74.1645885286783,92.42440361586634,73.97806580259221,104667,1
19,"{'embedding_attn': 0.25, 'after_attn': 0.25, 'feedforward': 0.225, 'embedding_pos': 0.225}",0.0025,king_1_ancilla,91.43254368983848,74.0149625935162,92.11084104500026,73.678963110668,31755,1
20,"{'embedding_attn': 0.475, 'after_attn': 0.475, 'feedforward': 0.35, 'embedding_pos': 0.35}",0.0004,king_measure_all,90.70623843804974,73.31670822942642,91.43216636949089,74.8753738783649,1300959,2
20,"{'embedding_attn': 0.375, 'after_attn': 0.375, 'feedforward': 0.3, 'embedding_pos': 0.3}",0.00085,king_measure_cross,92.02665540700762,74.56359102244389,92.13560183977324,74.37686939182453,572235,1
20,"{'embedding_attn': 0.325, 'after_attn': 0.325, 'feedforward': 0.275, 'embedding_pos': 0.275}",0.001,king_measure_corners,89.22800708322745,71.4214463840399,91.33521036750871,72.48255234297109,374907,1
20,"{'embedding_attn': 0.275, 'after_attn': 0.275, 'feedforward': 0.25, 'embedding_pos': 0.25}",0.00175,king_2_ancilla,91.48800312519305,74.86284289276807,92.66964275331988,74.57627118644068,104667,1
20,"{'embedding_attn': 0.25, 'after_attn': 0.25, 'feedforward': 0.225, 'embedding_pos': 0.225}",0.0025,king_1_ancilla,91.69124547126728,74.11471321695761,92.19143231642678,74.17746759720838,31755,1
21,"{'embedding_attn': 0.475, 'after_attn': 0.475, 'feedforward': 0.35, 'embedding_pos': 0.35}",0.0004,king_measure_all,90.71240404132037,72.96758104738154,91.34298644930531,73.57926221335993,1300959,2
21,"{'embedding_attn': 0.375, 'after_attn': 0.375, 'feedforward': 0.3, 'embedding_pos': 0.3}",0.00085,king_measure_cross,91.35997418937895,73.86533665835412,92.36878944806497,74.47657028913261,572235,1
21,"{'embedding_attn': 0.325, 'after_attn': 0.325, 'feedforward': 0.275, 'embedding_pos': 0.275}",0.001,king_measure_corners,88.35504682353098,71.37157107231921,90.09633249093547,69.29212362911267,374907,1
21,"{'embedding_attn': 0.275, 'after_attn': 0.275, 'feedforward': 0.25, 'embedding_pos': 0.25}",0.00175,king_2_ancilla,91.33075447884875,73.81546134663341,91.96926953218103,73.57926221335993,104667,1
21,"{'embedding_attn': 0.25, 'after_attn': 0.25, 'feedforward': 0.225, 'embedding_pos': 0.225}",0.0025,king_1_ancilla,91.25880166620955,73.61596009975062,91.78855661904473,73.37986041874377,31755,1
22,"{'embedding_attn': 0.475, 'after_attn': 0.475, 'feedforward': 0.35, 'embedding_pos': 0.35}",0.0004,king_measure_all,90.38130278484365,72.96758104738154,91.36138948061947,74.97507477567298,1300959,2
22,"{'embedding_attn': 0.375, 'after_attn': 0.375, 'feedforward': 0.3, 'embedding_pos': 0.3}",0.00085,king_measure_cross,91.53647627500128,74.91271820448878,91.95596714264441,73.97806580259221,572235,1
22,"{'embedding_attn': 0.325, 'after_attn': 0.325, 'feedforward': 0.275, 'embedding_pos': 0.275}",0.001,king_measure_corners,88.75925772966366,70.42394014962593,90.72738236893713,71.5852442671984,374907,1
22,"{'embedding_attn': 0.275, 'after_attn': 0.275, 'feedforward': 0.25, 'embedding_pos': 0.25}",0.00175,king_2_ancilla,91.50711474381269,73.71571072319202,92.35634151743413,74.0777666999003,104667,1
22,"{'embedding_attn': 0.25, 'after_attn': 0.25, 'feedforward': 0.225, 'embedding_pos': 0.225}",0.0025,king_1_ancilla,91.03182286965502,73.86533665835412,91.54631128934938,73.37986041874377,31755,1
23,"{'embedding_attn': 0.475, 'after_attn': 0.475, 'feedforward': 0.35, 'embedding_pos': 0.35}",0.0004,king_measure_all,90.72034630865446,72.71820448877806,91.82780679656545,75.47357926221336,1300959,2
23,"{'embedding_attn': 0.375, 'after_attn': 0.375, 'feedforward': 0.3, 'embedding_pos': 0.3}",0.00085,king_measure_cross,91.56734062655646,74.4139650872818,92.43679521529525,74.47657028913261,572235,1
23,"{'embedding_attn': 0.325, 'after_attn': 0.325, 'feedforward': 0.275, 'embedding_pos': 0.275}",0.001,king_measure_corners,88.62174265415331,69.67581047381546,90.33931823054135,71.88434695912264,374907,1
23,"{'embedding_attn': 0.275, 'after_attn': 0.275, 'feedforward': 0.25, 'embedding_pos': 0.25}",0.00175,king_2_ancilla,91.14386080700172,73.56608478802993,92.17786449120699,71.9840478564307,104667,1
23,"{'embedding_attn': 0.25, 'after_attn': 0.25, 'feedforward': 0.225, 'embedding_pos': 0.225}",0.0025,king_1_ancilla,91.63674397529094,73.91521197007481,92.50818635109208,73.18045862412762,31755,1
24,"{'embedding_attn': 0.475, 'after_attn': 0.475, 'feedforward': 0.35, 'embedding_pos': 0.35}",0.0004,king_measure_all,90.35238816959863,72.56857855361596,91.53177386926981,74.37686939182453,1300959,2
24,"{'embedding_attn': 0.375, 'after_attn': 0.375, 'feedforward': 0.3, 'embedding_pos': 0.3}",0.00085,king_measure_cross,91.65876657777163,74.51371571072319,92.7922635475121,75.2741774675972,572235,1
24,"{'embedding_attn': 0.325, 'after_attn': 0.325, 'feedforward': 0.275, 'embedding_pos': 0.275}",0.001,king_measure_corners,89.4212118634682,72.61845386533666,90.74256307866787,70.68793619142572,374907,1
24,"{'embedding_attn': 0.275, 'after_attn': 0.275, 'feedforward': 0.25, 'embedding_pos': 0.25}",0.00175,king_2_ancilla,91.64840697261693,74.76309226932668,92.62892006603653,74.37686939182453,104667,1
24,"{'embedding_attn': 0.25, 'after_attn': 0.25, 'feedforward': 0.225, 'embedding_pos': 0.225}",0.0025,king_1_ancilla,91.56024597326429,73.96508728179552,92.6634748718043,74.17746759720838,31755,1
25,"{'embedding_attn': 0.475, 'after_attn': 0.475, 'feedforward': 0.35, 'embedding_pos': 0.35}",0.0004,king_measure_all,90.7553653929937,72.51870324189527,91.44081613514633,74.0777666999003,1300959,2
25,"{'embedding_attn': 0.375, 'after_attn': 0.375, 'feedforward': 0.3, 'embedding_pos': 0.3}",0.00085,king_measure_cross,91.72649728069786,74.214463840399,92.40961241352446,75.57328015952145,572235,1
25,"{'embedding_attn': 0.325, 'after_attn': 0.325, 'feedforward': 0.275, 'embedding_pos': 0.275}",0.001,king_measure_corners,88.36807133515704,71.67082294264338,90.49726146096805,67.69690927218345,374907,1
25,"{'embedding_attn': 0.275, 'after_attn': 0.275, 'feedforward': 0.25, 'embedding_pos': 0.25}",0.00175,king_2_ancilla,91.12305674197614,74.61346633416458,92.18522319802244,71.78464606181456,104667,1
25,"{'embedding_attn': 0.25, 'after_attn': 0.25, 'feedforward': 0.225, 'embedding_pos': 0.225}",0.0025,king_1_ancilla,91.33174609413993,74.3640897755611,92.52436895701439,73.37986041874377,31755,1
26,"{'embedding_attn': 0.475, 'after_attn': 0.475, 'feedforward': 0.35, 'embedding_pos': 0.35}",0.0004,king_measure_all,90.50194125334131,73.46633416458853,91.74877585459376,74.37686939182453,1300959,2
26,"{'embedding_attn': 0.375, 'after_attn': 0.375, 'feedforward': 0.3, 'embedding_pos': 0.3}",0.00085,king_measure_cross,91.50986442567655,75.21197007481297,91.92978746707924,74.47657028913261,572235,1
26,"{'embedding_attn': 0.325, 'after_attn': 0.325, 'feedforward': 0.275, 'embedding_pos': 0.275}",0.001,king_measure_corners,88.62959519312761,69.17705735660847,90.41358036920302,68.6939182452642,374907,1
26,"{'embedding_attn': 0.275, 'after_attn': 0.275, 'feedforward': 0.25, 'embedding_pos': 0.25}",0.00175,king_2_ancilla,91.09395279856433,73.96508728179552,91.92247324263685,74.17746759720838,104667,1
26,"{'embedding_attn': 0.25, 'after_attn': 0.25, 'feedforward': 0.225, 'embedding_pos': 0.225}",0.0025,king_1_ancilla,91.78364922861807,73.01745635910224,92.6799823499479,72.48255234297109,31755,1
27,"{'embedding_attn': 0.475, 'after_attn': 0.475, 'feedforward': 0.35, 'embedding_pos': 0.35}",0.0004,king_measure_all,90.34991207227118,72.66832917705736,91.19926976887962,72.98105682951147,1300959,2
27,"{'embedding_attn': 0.375, 'after_attn': 0.375, 'feedforward': 0.3, 'embedding_pos': 0.3}",0.00085,king_measure_cross,91.03384186545863,73.21695760598503,92.0755264771951,73.97806580259221,572235,1
27,"{'embedding_attn': 0.325, 'after_attn': 0.325, 'feedforward': 0.275, 'embedding_pos': 0.275}",0.001,king_measure_corners,88.64756257189354,71.47132169576061,90.82502717130919,70.28913260219342,374907,1
27,"{'embedding_attn': 0.275, 'after_attn': 0.275, 'feedforward': 0.25, 'embedding_pos': 0.25}",0.00175,king_2_ancilla,90.9638434090051,74.1645885286783,92.0268057281787,74.0777666999003,104667,1
27,"{'embedding_attn': 0.25, 'after_attn': 0.25, 'feedforward': 0.225, 'embedding_pos': 0.225}",0.0025,king_1_ancilla,91.27674951573796,73.46633416458853,91.80430722923903,71.68494516450647,31755,1
28,"{'embedding_attn': 0.475, 'after_attn': 0.475, 'feedforward': 0.35, 'embedding_pos': 0.35}",0.0004,king_measure_all,90.89597436437117,73.16708229426435,92.15105201406992,74.27716849451646,1300959,2
28,"{'embedding_attn': 0.375, 'after_attn': 0.375, 'feedforward': 0.3, 'embedding_pos': 0.3}",0.00085,king_measure_cross,91.66591612867576,74.4139650872818,91.61897540399455,75.47357926221336,572235,1
28,"{'embedding_attn': 0.325, 'after_attn': 0.325, 'feedforward': 0.275, 'embedding_pos': 0.275}",0.001,king_measure_corners,88.23736247833551,69.82543640897757,90.36690894024952,68.39481555333998,374907,1
28,"{'embedding_attn': 0.275, 'after_attn': 0.275, 'feedforward': 0.25, 'embedding_pos': 0.25}",0.00175,king_2_ancilla,91.2556923249696,75.76059850374065,92.5663854900143,74.47657028913261,104667,1
28,"{'embedding_attn': 0.25, 'after_attn': 0.25, 'feedforward': 0.225, 'embedding_pos': 0.225}",0.0025,king_1_ancilla,90.95155793844822,74.91271820448878,92.18569490220985,74.57627118644068,31755,1
29,"{'embedding_attn': 0.475, 'after_attn': 0.475, 'feedforward': 0.35, 'embedding_pos': 0.35}",0.0004,king_measure_all,89.42916961061313,72.91770573566085,91.08710536398742,73.18045862412762,1300959,2
29,"{'embedding_attn': 0.375, 'after_attn': 0.375, 'feedforward': 0.3, 'embedding_pos': 0.3}",0.00085,king_measure_cross,91.6086519387312,74.86284289276807,92.46257601691687,74.27716849451646,572235,1
29,"{'embedding_attn': 0.325, 'after_attn': 0.325, 'feedforward': 0.275, 'embedding_pos': 0.275}",0.001,king_measure_corners,88.64445387518857,72.01995012468828,90.9444873964475,70.08973080757727,374907,1
29,"{'embedding_attn': 0.275, 'after_attn': 0.275, 'feedforward': 0.25, 'embedding_pos': 0.25}",0.00175,king_2_ancilla,91.16539439047874,73.81546134663341,92.46363241051644,73.87836490528414,104667,1
29,"{'embedding_attn': 0.25, 'after_attn': 0.25, 'feedforward': 0.225, 'embedding_pos': 0.225}",0.0025,king_1_ancilla,91.11462659559558,72.46882793017456,91.83526137055719,73.57926221335993,31755,1
30,"{'embedding_attn': 0.475, 'after_attn': 0.475, 'feedforward': 0.35, 'embedding_pos': 0.35}",0.0004,king_measure_all,90.878302288366,72.76807980049875,91.77091169208286,74.77567298105683,1300959,2
30,"{'embedding_attn': 0.375, 'after_attn': 0.375, 'feedforward': 0.3, 'embedding_pos': 0.3}",0.00085,king_measure_cross,91.62838338787876,75.41147132169576,92.58978967583514,75.2741774675972,572235,1
30,"{'embedding_attn': 0.325, 'after_attn': 0.325, 'feedforward': 0.275, 'embedding_pos': 0.275}",0.001,king_measure_corners,88.83180359128069,72.11970074812967,91.12870432271781,73.08075772681954,374907,1
30,"{'embedding_attn': 0.275, 'after_attn': 0.275, 'feedforward': 0.25, 'embedding_pos': 0.25}",0.00175,king_2_ancilla,91.6473962570942,74.96259351620948,92.78753343408263,73.97806580259221,104667,1
30,"{'embedding_attn': 0.25, 'after_attn': 0.25, 'feedforward': 0.225, 'embedding_pos': 0.225}",0.0025,king_1_ancilla,91.43983412616095,75.06234413965088,92.5751885085927,74.37686939182453,31755,1
31,"{'embedding_attn': 0.475, 'after_attn': 0.475, 'feedforward': 0.35, 'embedding_pos': 0.35}",0.0004,king_measure_all,90.46759858974002,71.77057356608478,91.19939651489865,73.87836490528414,1300959,2
31,"{'embedding_attn': 0.375, 'after_attn': 0.375, 'feedforward': 0.3, 'embedding_pos': 0.3}",0.00085,king_measure_cross,91.63906649229985,73.86533665835412,92.02719624890405,75.07477567298105,572235,1
31,"{'embedding_attn': 0.325, 'after_attn': 0.325, 'feedforward': 0.275, 'embedding_pos': 0.275}",0.001,king_measure_corners,88.26433319018709,69.72568578553616,90.05127118485763,66.10169491525424,374907,1
31,"{'embedding_attn': 0.275, 'after_attn': 0.275, 'feedforward': 0.25, 'embedding_pos': 0.25}",0.00175,king_2_ancilla,90.76405089702781,74.46384039900249,92.23330225147356,72.08374875373879,104667,1
31,"{'embedding_attn': 0.25, 'after_attn': 0.25, 'feedforward': 0.225, 'embedding_pos': 0.225}",0.0025,king_1_ancilla,91.45386902351248,73.31670822942642,92.55443805083775,73.678963110668,31755,1
32,"{'embedding_attn': 0.475, 'after_attn': 0.475, 'feedforward': 0.35, 'embedding_pos': 0.35}",0.0004,king_measure_all,90.11254615134368,72.36907730673316,91.1773647860581,73.37986041874377,1300959,2
32,"{'embedding_attn': 0.375, 'after_attn': 0.375, 'feedforward': 0.3, 'embedding_pos': 0.3}",0.00085,king_measure_cross,91.44649544927307,72.16957605985037,92.55140231144735,74.37686939182453,572235,1
32,"{'embedding_attn': 0.325, 'after_attn': 0.325, 'feedforward': 0.275, 'embedding_pos': 0.275}",0.001,king_measure_corners,89.18727922516689,71.571072319202,90.80755891868344,69.59122632103688,374907,1
32,"{'embedding_attn': 0.275, 'after_attn': 0.275, 'feedforward': 0.25, 'embedding_pos': 0.25}",0.00175,king_2_ancilla,91.08542927150847,73.51620947630923,92.30375102503238,73.37986041874377,104667,1
32,"{'embedding_attn': 0.25, 'after_attn': 0.25, 'feedforward': 0.225, 'embedding_pos': 0.225}",0.0025,king_1_ancilla,91.3006925240727,73.41645885286783,91.89132286077918,71.5852442671984,31755,1
33,"{'embedding_attn': 0.475, 'after_attn': 0.475, 'feedforward': 0.35, 'embedding_pos': 0.35}",0.0004,king_measure_all,90.75556918913874,72.76807980049875,91.80208621109834,73.678963110668,1300959,2
33,"{'embedding_attn': 0.375, 'after_attn': 0.375, 'feedforward': 0.3, 'embedding_pos': 0.3}",0.00085,king_measure_cross,91.56022089659388,73.46633416458853,92.25398623930971,73.97806580259221,572235,1
33,"{'embedding_attn': 0.325, 'after_attn': 0.325, 'feedforward': 0.275, 'embedding_pos': 0.275}",0.001,king_measure_corners,88.72378688809486,70.67331670822942,90.917597582314,69.29212362911267,374907,1
33,"{'embedding_attn': 0.275, 'after_attn': 0.275, 'feedforward': 0.25, 'embedding_pos': 0.25}",0.00175,king_2_ancilla,91.20765226917342,74.66334164588528,93.01930066546882,73.87836490528414,104667,1
33,"{'embedding_attn': 0.25, 'after_attn': 0.25, 'feedforward': 0.225, 'embedding_pos': 0.225}",0.0025,king_1_ancilla,91.58118447134873,72.91770573566085,92.84384125529466,72.88135593220339,31755,1
34,"{'embedding_attn': 0.475, 'after_attn': 0.475, 'feedforward': 0.35, 'embedding_pos': 0.35}",0.0004,king_measure_all,89.9232596126486,73.21695760598503,91.3836819221663,73.28015952143569,1300959,2
34,"{'embedding_attn': 0.375, 'after_attn': 0.375, 'feedforward': 0.3, 'embedding_pos': 0.3}",0.00085,king_measure_cross,91.4987609525472,74.86284289276807,92.36343066369199,74.77567298105683,572235,1
34,"{'embedding_attn': 0.325, 'after_attn': 0.325, 'feedforward': 0.275, 'embedding_pos': 0.275}",0.001,king_measure_corners,88.84658593150616,70.42394014962593,90.4804136033312,69.59122632103688,374907,1
34,"{'embedding_attn': 0.275, 'after_attn': 0.275, 'feedforward': 0.25, 'embedding_pos': 0.25}",0.00175,king_2_ancilla,91.44980004686998,75.01246882793018,92.32660424007236,73.87836490528414,104667,1
34,"{'embedding_attn': 0.25, 'after_attn': 0.25, 'feedforward': 0.225, 'embedding_pos': 0.225}",0.0025,king_1_ancilla,91.45585551126632,74.61346633416458,92.24333904245789,75.2741774675972,31755,1
35,"{'embedding_attn': 0.475, 'after_attn': 0.475, 'feedforward': 0.35, 'embedding_pos': 0.35}",0.0004,king_measure_all,90.55768547585963,73.46633416458853,92.03111849627173,74.77567298105683,1300959,2
35,"{'embedding_attn': 0.375, 'after_attn': 0.375, 'feedforward': 0.3, 'embedding_pos': 0.3}",0.00085,king_measure_cross,91.55740979322012,74.96259351620948,91.77621393217461,74.17746759720838,572235,1
35,"{'embedding_attn': 0.325, 'after_attn': 0.325, 'feedforward': 0.275, 'embedding_pos': 0.275}",0.001,king_measure_corners,89.20195067932752,72.61845386533666,90.96889693056498,72.88135593220339,374907,1
35,"{'embedding_attn': 0.275, 'after_attn': 0.275, 'feedforward': 0.25, 'embedding_pos': 0.25}",0.00175,king_2_ancilla,91.30942332052818,75.21197007481297,92.4937348894319,74.27716849451646,104667,1
35,"{'embedding_attn': 0.25, 'after_attn': 0.25, 'feedforward': 0.225, 'embedding_pos': 0.225}",0.0025,king_1_ancilla,91.04340088979164,74.51371571072319,92.4936990243679,71.9840478564307,31755,1
36,"{'embedding_attn': 0.475, 'after_attn': 0.475, 'feedforward': 0.35, 'embedding_pos': 0.35}",0.0004,king_measure_all,90.54848966146156,73.06733167082294,91.76938900492395,73.77866400797608,1300959,2
36,"{'embedding_attn': 0.375, 'after_attn': 0.375, 'feedforward': 0.3, 'embedding_pos': 0.3}",0.00085,king_measure_cross,90.84812825151562,73.56608478802993,91.91961021507952,71.48554336989032,572235,1
36,"{'embedding_attn': 0.325, 'after_attn': 0.325, 'feedforward': 0.275, 'embedding_pos': 0.275}",0.001,king_measure_corners,88.61521825955879,70.12468827930175,91.05367938891807,68.29511465603191,374907,1
36,"{'embedding_attn': 0.275, 'after_attn': 0.275, 'feedforward': 0.25, 'embedding_pos': 0.25}",0.00175,king_2_ancilla,91.47225282508859,74.56359102244389,92.03886393729125,75.17447657028913,104667,1
36,"{'embedding_attn': 0.25, 'after_attn': 0.25, 'feedforward': 0.225, 'embedding_pos': 0.225}",0.0025,king_1_ancilla,91.23559113499132,73.41645885286783,92.01735422380378,73.678963110668,31755,1
37,"{'embedding_attn': 0.475, 'after_attn': 0.475, 'feedforward': 0.35, 'embedding_pos': 0.35}",0.0004,king_measure_all,90.81376052617193,72.11970074812967,91.718527497517,74.8753738783649,1300959,2
37,"{'embedding_attn': 0.375, 'after_attn': 0.375, 'feedforward': 0.3, 'embedding_pos': 0.3}",0.00085,king_measure_cross,91.68057801498436,74.3640897755611,92.52236611412474,74.67597208374876,572235,1
37,"{'embedding_attn': 0.325, 'after_attn': 0.325, 'feedforward': 0.275, 'embedding_pos': 0.275}",0.001,king_measure_corners,88.88654531572273,71.52119700748129,90.97187690803557,71.28614157527417,374907,1
37,"{'embedding_attn': 0.275, 'after_attn': 0.275, 'feedforward': 0.25, 'embedding_pos': 0.25}",0.00175,king_2_ancilla,90.98747653866596,73.91521197007481,92.0912608951564,72.28315054835494,104667,1
37,"{'embedding_attn': 0.25, 'after_attn': 0.25, 'feedforward': 0.225, 'embedding_pos': 0.225}",0.0025,king_1_ancilla,91.13430481495556,73.81546134663341,92.16406372904112,74.0777666999003,31755,1
38,"{'embedding_attn': 0.475, 'after_attn': 0.475, 'feedforward': 0.35, 'embedding_pos': 0.35}",0.0004,king_measure_all,90.46050495214267,72.71820448877806,91.3088032055379,72.58225324027916,1300959,2
38,"{'embedding_attn': 0.375, 'after_attn': 0.375, 'feedforward': 0.3, 'embedding_pos': 0.3}",0.00085,king_measure_cross,91.72455773192351,74.3640897755611,92.43163615314171,73.28015952143569,572235,1
38,"{'embedding_attn': 0.325, 'after_attn': 0.325, 'feedforward': 0.275, 'embedding_pos': 0.275}",0.001,king_measure_corners,88.78903181181929,70.22443890274315,90.50228626472044,71.08673978065802,374907,1
38,"{'embedding_attn': 0.275, 'after_attn': 0.275, 'feedforward': 0.25, 'embedding_pos': 0.25}",0.00175,king_2_ancilla,91.2837196864956,73.21695760598503,92.1200558021182,74.37686939182453,104667,1
38,"{'embedding_attn': 0.25, 'after_attn': 0.25, 'feedforward': 0.225, 'embedding_pos': 0.225}",0.0025,king_1_ancilla,91.31180742817311,73.56608478802993,92.39368782772365,74.27716849451646,31755,1
39,"{'embedding_attn': 0.475, 'after_attn': 0.475, 'feedforward': 0.35, 'embedding_pos': 0.35}",0.0004,king_measure_all,91.08568346025685,73.21695760598503,91.80278762087532,73.77866400797608,1300959,2
39,"{'embedding_attn': 0.375, 'after_attn': 0.375, 'feedforward': 0.3, 'embedding_pos': 0.3}",0.00085,king_measure_cross,91.36121406493878,74.3142144638404,92.74631181236958,74.0777666999003,572235,1
39,"{'embedding_attn': 0.325, 'after_attn': 0.325, 'feedforward': 0.275, 'embedding_pos': 0.275}",0.001,king_measure_corners,89.07842682365661,72.66832917705736,90.835613609567,72.18344965104686,374907,1
39,"{'embedding_attn': 0.275, 'after_attn': 0.275, 'feedforward': 0.25, 'embedding_pos': 0.25}",0.00175,king_2_ancilla,91.00533161680006,73.71571072319202,91.9951018821504,71.78464606181456,104667,1
39,"{'embedding_attn': 0.25, 'after_attn': 0.25, 'feedforward': 0.225, 'embedding_pos': 0.225}",0.0025,king_1_ancilla,91.26169263075325,73.91521197007481,92.57125907365597,73.37986041874377,31755,1
40,"{'embedding_attn': 0.475, 'after_attn': 0.475, 'feedforward': 0.35, 'embedding_pos': 0.35}",0.0004,king_measure_all,90.51293357748146,72.56857855361596,91.57534234361309,73.28015952143569,1300959,2
40,"{'embedding_attn': 0.375, 'after_attn': 0.375, 'feedforward': 0.3, 'embedding_pos': 0.3}",0.00085,king_measure_cross,91.47344223455622,74.2643391521197,92.34136776272783,75.77268195413758,572235,1
40,"{'embedding_attn': 0.325, 'after_attn': 0.325, 'feedforward': 0.275, 'embedding_pos': 0.275}",0.001,king_measure_corners,89.16527078596775,72.51870324189527,91.04056380134492,72.78165503489531,374907,1
40,"{'embedding_attn': 0.275, 'after_attn': 0.275, 'feedforward': 0.25, 'embedding_pos': 0.25}",0.00175,king_2_ancilla,91.11003981108432,73.66583541147132,92.0654293831028,73.57926221335993,104667,1
40,"{'embedding_attn': 0.25, 'after_attn': 0.25, 'feedforward': 0.225, 'embedding_pos': 0.225}",0.0025,king_1_ancilla,91.20731537964566,72.76807980049875,91.87490777014575,71.9840478564307,31755,1
41,"{'embedding_attn': 0.475, 'after_attn': 0.475, 'feedforward': 0.35, 'embedding_pos': 0.35}",0.0004,king_measure_all,90.88736217910588,74.4139650872818,92.02120658653998,74.47657028913261,1300959,2
41,"{'embedding_attn': 0.375, 'after_attn': 0.375, 'feedforward': 0.3, 'embedding_pos': 0.3}",0.00085,king_measure_cross,91.49827207767841,74.4139650872818,92.08569582779272,73.97806580259221,572235,1
41,"{'embedding_attn': 0.325, 'after_attn': 0.325, 'feedforward': 0.275, 'embedding_pos': 0.275}",0.001,king_measure_corners,88.65367745232543,70.92269326683291,90.70985007804599,69.29212362911267,374907,1
41,"{'embedding_attn': 0.275, 'after_attn': 0.275, 'feedforward': 0.25, 'embedding_pos': 0.25}",0.00175,king_2_ancilla,91.10932778499252,73.76558603491273,92.28397470361786,73.87836490528414,104667,1
41,"{'embedding_attn': 0.25, 'after_attn': 0.25, 'feedforward': 0.225, 'embedding_pos': 0.225}",0.0025,king_1_ancilla,90.9231979260215,73.91521197007481,91.87911882348006,73.97806580259221,31755,1
42,"{'embedding_attn': 0.475, 'after_attn': 0.475, 'feedforward': 0.35, 'embedding_pos': 0.35}",0.0004,king_measure_all,91.48659079201192,74.1645885286783,92.18789844905454,74.57627118644068,1300959,2
42,"{'embedding_attn': 0.375, 'after_attn': 0.375, 'feedforward': 0.3, 'embedding_pos': 0.3}",0.00085,king_measure_cross,90.90227699120715,72.96758104738154,91.70763404273652,73.77866400797608,572235,1
42,"{'embedding_attn': 0.325, 'after_attn': 0.325, 'feedforward': 0.275, 'embedding_pos': 0.275}",0.001,king_measure_corners,88.5274775212442,71.87032418952619,90.96658545783531,71.5852442671984,374907,1
42,"{'embedding_attn': 0.275, 'after_attn': 0.275, 'feedforward': 0.25, 'embedding_pos': 0.25}",0.00175,king_2_ancilla,91.9634743163539,74.56359102244389,92.56401249570246,74.97507477567298,104667,1
42,"{'embedding_attn': 0.25, 'after_attn': 0.25, 'feedforward': 0.225, 'embedding_pos': 0.225}",0.0025,king_1_ancilla,91.18306679479431,74.81296758104739,92.07343975255242,74.67597208374876,31755,1
43,"{'embedding_attn': 0.475, 'after_attn': 0.475, 'feedforward': 0.35, 'embedding_pos': 0.35}",0.0004,king_measure_all,90.28586740802886,72.81795511221945,91.19249548238274,72.58225324027916,1300959,2
43,"{'embedding_attn': 0.375, 'after_attn': 0.375, 'feedforward': 0.3, 'embedding_pos': 0.3}",0.00085,king_measure_cross,91.66325410322605,73.86533665835412,92.45071408543146,76.37088733798603,572235,1
43,"{'embedding_attn': 0.325, 'after_attn': 0.325, 'feedforward': 0.275, 'embedding_pos': 0.275}",0.001,king_measure_corners,89.40846898620912,73.46633416458853,91.36865009417484,72.18344965104686,374907,1
43,"{'embedding_attn': 0.275, 'after_attn': 0.275, 'feedforward': 0.25, 'embedding_pos': 0.25}",0.00175,king_2_ancilla,91.02715695006017,73.91521197007481,92.55693143097461,74.67597208374876,104667,1
43,"{'embedding_attn': 0.25, 'after_attn': 0.25, 'feedforward': 0.225, 'embedding_pos': 0.225}",0.0025,king_1_ancilla,90.92640687711001,73.16708229426435,91.93271646421921,72.88135593220339,31755,1
44,"{'embedding_attn': 0.475, 'after_attn': 0.475, 'feedforward': 0.35, 'embedding_pos': 0.35}",0.0004,king_measure_all,90.54112312679776,72.86783042394015,91.36821122532217,73.97806580259221,1300959,2
44,"{'embedding_attn': 0.375, 'after_attn': 0.375, 'feedforward': 0.3, 'embedding_pos': 0.3}",0.00085,king_measure_cross,91.75189619397528,73.96508728179552,92.38779098733993,73.97806580259221,572235,1
44,"{'embedding_attn': 0.325, 'after_attn': 0.325, 'feedforward': 0.275, 'embedding_pos': 0.275}",0.001,king_measure_corners,88.34474489916654,70.62344139650872,90.80124266890897,69.89032901296112,374907,1
44,"{'embedding_attn': 0.275, 'after_attn': 0.275, 'feedforward': 0.25, 'embedding_pos': 0.25}",0.00175,king_2_ancilla,91.8150642323055,74.61346633416458,92.58856553809547,74.8753738783649,104667,1
44,"{'embedding_attn': 0.25, 'after_attn': 0.25, 'feedforward': 0.225, 'embedding_pos': 0.225}",0.0025,king_1_ancilla,91.30937553012555,73.26683291770574,91.99095660759184,73.77866400797608,31755,1
45,"{'embedding_attn': 0.475, 'after_attn': 0.475, 'feedforward': 0.35, 'embedding_pos': 0.35}",0.0004,king_measure_all,91.13002483884463,73.31670822942642,92.37904863274453,74.67597208374876,1300959,2
45,"{'embedding_attn': 0.375, 'after_attn': 0.375, 'feedforward': 0.3, 'embedding_pos': 0.3}",0.00085,king_measure_cross,90.9953989636822,74.4139650872818,92.20767723020113,75.07477567298105,572235,1
45,"{'embedding_attn': 0.325, 'after_attn': 0.325, 'feedforward': 0.275, 'embedding_pos': 0.275}",0.001,king_measure_corners,88.43418112295748,72.16957605985037,90.44964004590693,70.7876370887338,374907,1
45,"{'embedding_attn': 0.275, 'after_attn': 0.275, 'feedforward': 0.25, 'embedding_pos': 0.25}",0.00175,king_2_ancilla,91.59536303939994,74.214463840399,92.31940019726729,71.28614157527417,104667,1
45,"{'embedding_attn': 0.25, 'after_attn': 0.25, 'feedforward': 0.225, 'embedding_pos': 0.225}",0.0025,king_1_ancilla,91.19995533469653,73.86533665835412,92.20624890086722,70.48853439680957,31755,1
46,"{'embedding_attn': 0.475, 'after_attn': 0.475, 'feedforward': 0.35, 'embedding_pos': 0.35}",0.0004,king_measure_all,91.16653522985291,74.86284289276807,91.77655481665121,74.67597208374876,1300959,2
46,"{'embedding_attn': 0.375, 'after_attn': 0.375, 'feedforward': 0.3, 'embedding_pos': 0.3}",0.00085,king_measure_cross,91.43438670776425,74.96259351620948,91.92026663237058,74.77567298105683,572235,1
46,"{'embedding_attn': 0.325, 'after_attn': 0.325, 'feedforward': 0.275, 'embedding_pos': 0.275}",0.001,king_measure_corners,88.64389775439572,71.17206982543641,90.51035584764809,71.5852442671984,374907,1
46,"{'embedding_attn': 0.275, 'after_attn': 0.275, 'feedforward': 0.25, 'embedding_pos': 0.25}",0.00175,king_2_ancilla,91.09876837503799,74.66334164588528,92.06334143342035,74.37686939182453,104667,1
46,"{'embedding_attn': 0.25, 'after_attn': 0.25, 'feedforward': 0.225, 'embedding_pos': 0.225}",0.0025,king_1_ancilla,91.61449748813465,74.0149625935162,92.14873919556312,74.8753738783649,31755,1
47,"{'embedding_attn': 0.475, 'after_attn': 0.475, 'feedforward': 0.35, 'embedding_pos': 0.35}",0.0004,king_measure_all,90.84102403729358,73.26683291770574,91.99063137371313,74.47657028913261,1300959,2
47,"{'embedding_attn': 0.375, 'after_attn': 0.375, 'feedforward': 0.3, 'embedding_pos': 0.3}",0.00085,king_measure_cross,91.6209326320663,74.56359102244389,92.26828600705997,74.67597208374876,572235,1
47,"{'embedding_attn': 0.325, 'after_attn': 0.325, 'feedforward': 0.275, 'embedding_pos': 0.275}",0.001,king_measure_corners,88.80024235250907,71.87032418952619,90.79309187716082,71.28614157527417,374907,1
47,"{'embedding_attn': 0.275, 'after_attn': 0.275, 'feedforward': 0.25, 'embedding_pos': 0.25}",0.00175,king_2_ancilla,91.00404195393443,73.76558603491273,92.57188885687071,75.2741774675972,104667,1
47,"{'embedding_attn': 0.25, 'after_attn': 0.25, 'feedforward': 0.225, 'embedding_pos': 0.225}",0.0025,king_1_ancilla,91.22578575099683,73.76558603491273,92.30105063394711,73.28015952143569,31755,1
48,"{'embedding_attn': 0.475, 'after_attn': 0.475, 'feedforward': 0.35, 'embedding_pos': 0.35}",0.0004,king_measure_all,90.62115653815852,72.56857855361596,91.73199474295302,74.47657028913261,1300959,2
48,"{'embedding_attn': 0.375, 'after_attn': 0.375, 'feedforward': 0.3, 'embedding_pos': 0.3}",0.00085,king_measure_cross,91.1012118433015,75.16209476309227,92.39142435054659,75.17447657028913,572235,1
48,"{'embedding_attn': 0.325, 'after_attn': 0.325, 'feedforward': 0.275, 'embedding_pos': 0.275}",0.001,king_measure_corners,88.89634198537362,71.37157107231921,90.61167656420672,68.89332003988035,374907,1
48,"{'embedding_attn': 0.275, 'after_attn': 0.275, 'feedforward': 0.25, 'embedding_pos': 0.25}",0.00175,king_2_ancilla,91.02353699614618,74.61346633416458,92.26443021238629,73.57926221335993,104667,1
48,"{'embedding_attn': 0.25, 'after_attn': 0.25, 'feedforward': 0.225, 'embedding_pos': 0.225}",0.0025,king_1_ancilla,90.64037968701383,73.06733167082294,92.20606329059208,71.08673978065802,31755,1
49,"{'embedding_attn': 0.475, 'after_attn': 0.475, 'feedforward': 0.35, 'embedding_pos': 0.35}",0.0004,king_measure_all,90.30066973036853,71.17206982543641,91.03440564888423,72.78165503489531,1300959,2
49,"{'embedding_attn': 0.375, 'after_attn': 0.375, 'feedforward': 0.3, 'embedding_pos': 0.3}",0.00085,king_measure_cross,92.05828133767858,74.51371571072319,92.24309319003578,74.47657028913261,572235,1
49,"{'embedding_attn': 0.325, 'after_attn': 0.325, 'feedforward': 0.275, 'embedding_pos': 0.275}",0.001,king_measure_corners,88.27281288239683,71.97007481296758,90.67261280338796,71.38584247258225,374907,1
49,"{'embedding_attn': 0.275, 'after_attn': 0.275, 'feedforward': 0.25, 'embedding_pos': 0.25}",0.00175,king_2_ancilla,91.24220698809454,74.81296758104739,91.9981118266908,74.0777666999003,104667,1
49,"{'embedding_attn': 0.25, 'after_attn': 0.25, 'feedforward': 0.225, 'embedding_pos': 0.225}",0.0025,king_1_ancilla,91.35609317517213,75.01246882793018,92.0330624177602,73.97806580259221,31755,1
