idx,mlp_size,test_auc,test_acc,val_auc,val_acc,#params
0,2,91.65009266687497,74.66334164588528,92.93356068784415,75.67298105682951,26155
0,3,91.97516600350261,75.16209476309227,93.24440249091589,76.86939182452642,26943
0,4,92.03785817701304,75.31172069825436,93.0631885921788,76.5702891326022,27735
0,5,92.04745218271039,74.86284289276807,92.85240920380532,75.17447657028913,28531
0,6,92.08493148347932,75.36159600997506,92.83593273459933,75.67298105682951,29331
0,7,92.01667417744504,75.41147132169576,92.35839984716372,74.17746759720838,30135
0,8,91.98077133078819,75.16209476309227,92.65636761147248,75.2741774675972,30943
0,9,92.10605104940133,75.06234413965088,93.07600979351689,75.67298105682951,31755
0,10,91.54227709695944,75.16209476309227,92.60711704898154,74.27716849451646,32571
0,11,92.24658317580544,76.70822942643392,93.12742266087717,76.17148554336988,33391
0,12,92.33790147789998,75.11221945137157,93.21843822020821,75.2741774675972,34215
0,13,92.27676802886408,74.76309226932668,93.42530327005346,76.66999002991027,35043
0,14,92.01200223721796,75.56109725685786,92.92759196065784,75.2741774675972,35875
0,15,92.32952822711482,75.46134663341645,93.36435163993704,75.57328015952145,36711
0,16,92.33453231001383,74.86284289276807,92.92341031307726,75.67298105682951,37551
0,17,91.88989791054586,74.86284289276807,93.22719826713441,75.77268195413758,38395
0,18,91.82168787431986,74.76309226932668,92.72927992243547,75.87238285144566,39243
1,2,92.3885559368892,76.20947630922693,92.8599072177289,74.97507477567298,26155
1,3,92.24377754327894,75.71072319201994,93.20473052334552,77.16849451645065,26943
1,4,91.923819520031,75.71072319201994,92.7110468724852,75.3738783649053,27735
1,5,91.90991008667397,74.91271820448878,92.4585562518633,73.77866400797608,28531
1,6,91.9644626976219,74.91271820448878,92.92404987140908,74.67597208374876,29331
1,7,92.72258391365877,76.55860349127181,93.31754238553275,75.17447657028913,30135
1,8,92.22151612967212,76.10972568578553,92.38003371538076,74.77567298105683,30943
1,9,91.97937753663868,76.05985037406484,93.23407165150938,74.97507477567298,31755
1,10,92.42300146192858,74.86284289276807,93.14633405137444,75.07477567298105,32571
1,11,92.3788713699407,75.06234413965088,92.87081658261907,76.47058823529412,33391
1,12,91.5749966758909,74.61346633416458,92.44614792256782,75.77268195413758,34215
1,13,92.21913062400905,74.214463840399,92.89424274044819,75.17447657028913,35043
1,14,92.1048709414228,75.06234413965088,92.94362085366916,76.37088733798603,35875
1,15,92.25327540559262,74.96259351620948,92.9774803273564,75.17447657028913,36711
1,16,92.25353622872555,74.96259351620948,92.99379126989854,75.87238285144566,37551
1,17,92.10848171911091,73.36658354114714,93.00472828835348,74.47657028913261,38395
1,18,92.38071728106976,76.15960099750623,93.08831297487211,75.3738783649053,39243
2,2,91.9025615840393,75.46134663341645,92.83148144037067,75.07477567298105,26155
2,3,91.86510921208072,74.2643391521197,92.4354308223516,74.8753738783649,26943
2,4,92.472213771265,75.36159600997506,93.11248369295484,75.3738783649053,27735
2,5,92.32762569745925,76.00997506234414,92.89409355595382,75.47357926221336,28531
2,6,92.3313909051312,75.91022443890274,93.11951404059035,74.67597208374876,29331
2,7,92.05672449293107,75.46134663341645,92.75919193769403,75.57328015952145,30135
2,8,92.45374613770106,74.1645885286783,92.97750236128108,74.8753738783649,30943
2,9,91.9416879455242,75.41147132169576,92.89016382868837,75.47357926221336,31755
2,10,92.39057150313414,75.81047381546135,93.03032856398885,75.57328015952145,32571
2,11,92.21460678310305,76.25935162094764,93.2922446779412,74.8753738783649,33391
2,12,92.02992182101147,75.61097256857855,92.33736623018103,74.57627118644068,34215
2,13,92.5893795109981,75.76059850374065,93.18594739688493,75.97208374875373,35043
2,14,92.34551676218055,74.86284289276807,93.40119958325225,74.57627118644068,35875
2,15,92.12480460649253,74.2643391521197,92.75227274742649,75.47357926221336,36711
2,16,91.77744631875514,74.81296758104739,92.77978422038204,75.3738783649053,37551
2,17,92.52010916113478,76.00997506234414,92.852655848834,75.87238285144566,38395
2,18,92.35277997618772,75.16209476309227,92.74118458576798,74.57627118644068,39243
3,2,91.4758996968789,73.81546134663341,92.31992932943663,75.77268195413758,26155
3,3,91.95001100049743,76.70822942643392,93.12910995566529,75.77268195413758,26943
3,4,91.56416831027167,73.71571072319202,92.49201323641415,74.67597208374876,27735
3,5,91.88297558664289,75.51122194513715,92.72553762936694,73.97806580259221,28531
3,6,92.08220861035181,75.06234413965088,93.16002292282502,74.47657028913261,29331
3,7,92.40332968916597,75.21197007481297,93.15876293815742,75.67298105682951,30135
3,8,92.1489658219645,75.36159600997506,92.71863925707302,76.17148554336988,30943
3,9,92.13159077016637,75.11221945137157,92.9825144486502,74.97507477567298,31755
3,10,92.45947339776338,75.46134663341645,93.26297636346766,75.57328015952145,32571
3,11,92.34688547698782,75.26184538653366,93.1129113074217,76.76969092721835,33391
3,12,92.36065482019855,74.86284289276807,93.12831910519517,74.77567298105683,34215
3,13,92.47983749954463,75.36159600997506,93.18323106532652,74.97507477567298,35043
3,14,91.67348156905175,75.16209476309227,92.33523818686128,74.97507477567298,35875
3,15,92.05138811845734,75.66084788029926,92.93412816533477,74.77567298105683,36711
3,16,91.95726909593127,75.46134663341645,92.62565345179496,74.77567298105683,37551
3,17,92.69345007460491,76.45885286783043,93.48998714249788,75.77268195413758,38395
3,18,92.4493677625595,74.3142144638404,93.221717894359,74.8753738783649,39243
4,2,91.87511681344603,75.86034912718205,92.9675680941065,75.77268195413758,26155
4,3,92.46264489345636,75.06234413965088,92.52864839150288,74.97507477567298,26943
4,4,91.72728227634322,74.713216957606,92.66454729105071,75.3738783649053,27735
4,5,91.50188036947162,74.06483790523691,92.09908542544883,74.0777666999003,28531
4,6,92.24746744768666,75.16209476309227,93.04749368406132,75.17447657028913,29331
4,7,92.28543232497707,75.36159600997506,93.33027285033339,75.2741774675972,30135
4,8,92.44915893228385,75.66084788029926,92.74826683919414,75.67298105682951,30943
4,9,92.08444662305936,75.41147132169576,93.23307391753363,75.57328015952145,31755
4,10,92.42660629573291,75.16209476309227,93.28466831431209,75.2741774675972,32571
4,11,92.23083509912016,75.21197007481297,93.22465422722411,75.77268195413758,33391
4,12,91.60482623053264,74.4139650872818,92.74665371398402,74.27716849451646,34215
4,13,92.19445828502433,75.41147132169576,92.73890334000883,74.67597208374876,35043
4,14,92.69547442986281,76.9576059850374,93.19868130250885,75.2741774675972,35875
4,15,92.46504743928219,75.91022443890274,93.02317146992876,76.07178464606181,36711
4,16,92.3603935035746,75.31172069825436,92.95191129349033,75.67298105682951,37551
4,17,92.35283777600478,74.713216957606,93.08599454829708,75.17447657028913,38395
4,18,92.42601700046593,76.45885286783043,93.22111892823798,75.2741774675972,39243
5,2,91.64036771184627,74.06483790523691,92.73363048618828,75.77268195413758,26155
5,3,91.49482431647259,74.713216957606,92.35454562688642,74.97507477567298,26943
5,4,92.18147084587514,75.71072319201994,93.08929405177136,75.57328015952145,27735
5,5,92.06047555908063,75.71072319201994,92.92112088315628,75.67298105682951,28531
5,6,92.25866890180534,76.15960099750623,93.05205449547175,74.8753738783649,29331
5,7,92.2968785409018,75.46134663341645,93.02922165627609,75.17447657028913,30135
5,8,92.52655470035641,76.25935162094764,93.0590625646092,75.3738783649053,30943
5,9,92.17195147203549,75.31172069825436,92.67268753742412,75.07477567298105,31755
5,10,91.8644890981883,75.16209476309227,92.67359765661814,74.97507477567298,32571
5,11,91.66594427467517,74.96259351620948,92.61253673825223,75.2741774675972,33391
5,12,92.3304301935799,74.51371571072319,92.51905716727161,75.3738783649053,34215
5,13,92.43204946311224,75.36159600997506,93.05708456811843,75.2741774675972,35043
5,14,92.32344823089166,76.55860349127181,93.15601424484382,75.57328015952145,35875
5,15,92.10101073406143,74.81296758104739,92.61882460364855,75.97208374875373,36711
5,16,91.95664762762263,74.91271820448878,93.07610654651187,75.97208374875373,37551
5,17,92.56914214394335,74.713216957606,92.98615983399797,75.57328015952145,38395
5,18,91.21828009920527,73.61596009975062,92.26047501591754,75.2741774675972,39243
6,2,91.69845499542343,74.86284289276807,92.50288071244287,74.17746759720838,26155
6,3,91.99342937678237,74.91271820448878,92.54821331465662,73.28015952143569,26943
6,4,92.33899459327556,75.46134663341645,92.99402415426411,75.3738783649053,27735
6,5,92.10175171359045,74.56359102244389,92.78752041458975,74.97507477567298,28531
6,6,92.31266119695721,74.96259351620948,93.26782201307718,75.3738783649053,29331
6,7,91.88059411692294,73.91521197007481,92.6791582622403,73.87836490528414,30135
6,8,92.24247038771071,76.9576059850374,92.94504140022164,75.3738783649053,30943
6,9,92.45500515620738,76.40897755610972,92.92417988674572,75.97208374875373,31755
6,10,92.40128222408114,75.01246882793018,92.9113437445979,75.3738783649053,32571
6,11,92.4298846490412,75.36159600997506,93.26310172733831,74.77567298105683,33391
6,12,91.94416506958578,75.51122194513715,93.05979924208793,74.67597208374876,34215
6,13,91.89575078198735,74.81296758104739,92.5835431024885,74.37686939182453,35043
6,14,92.29021782815826,75.51122194513715,93.23730708966319,75.47357926221336,35875
6,15,92.05820217350286,75.51122194513715,92.77601928601655,75.07477567298105,36711
6,16,92.33667631225721,75.51122194513715,92.83072016969449,73.678963110668,37551
6,17,92.37631599110061,75.81047381546135,92.9096790872655,75.2741774675972,38395
6,18,92.33129026954707,75.76059850374065,93.35500657437679,76.17148554336988,39243
7,2,91.63389516063447,74.46384039900249,92.75246895789763,75.67298105682951,26155
7,3,92.08666555941149,75.36159600997506,92.61936493796077,75.07477567298105,26943
7,4,92.06976433713116,74.81296758104739,93.27427697088675,74.8753738783649,27735
7,5,91.85422818667611,75.16209476309227,92.82370837379113,75.3738783649053,28531
7,6,92.26257866359856,75.06234413965088,93.03552978046055,75.17447657028913,29331
7,7,92.242296016294,74.66334164588528,92.68864402915369,75.77268195413758,30135
7,8,91.28470440280509,75.26184538653366,92.73497505743514,73.47956131605184,30943
7,9,92.50404046245654,74.81296758104739,93.1072788835572,76.27118644067797,31755
7,10,92.33352373990975,74.96259351620948,92.92437336481176,73.77866400797608,32571
7,11,92.39033224587823,75.56109725685786,93.25143725666771,75.97208374875373,33391
7,12,92.0435453706452,75.76059850374065,92.97026666852342,75.87238285144566,34215
7,13,91.9770816106418,75.66084788029926,92.7144137268586,75.2741774675972,35043
7,14,92.32616680437025,75.56109725685786,93.06171666497356,76.27118644067797,35875
7,15,92.33808968615119,76.35910224438904,93.00492138518844,75.97208374875373,36711
7,16,92.4403126668603,75.91022443890274,92.84822379639301,75.67298105682951,37551
7,17,92.02478890258682,75.56109725685786,92.90776378988525,76.27118644067797,38395
7,18,92.13836727114703,75.21197007481297,92.87138199606979,75.57328015952145,39243
8,2,91.28996252451522,72.96758104738154,92.46791077525299,74.97507477567298,26155
8,3,91.72209222489917,75.21197007481297,92.97336359100747,75.97208374875373,26943
8,4,91.96610217376102,75.71072319201994,92.864694793952,74.97507477567298,27735
8,5,92.02788432163749,73.11720698254364,92.92399880390121,75.3738783649053,28531
8,6,91.78702993785105,74.96259351620948,92.52184166668815,75.87238285144566,29331
8,7,92.21597288555563,75.06234413965088,92.71559872966961,74.67597208374876,30135
8,8,92.03341032746933,75.01246882793018,93.2994121118523,77.16849451645065,30943
8,9,92.22692381176518,75.06234413965088,92.63959139692336,75.3738783649053,31755
8,10,92.56611814505187,75.86034912718205,93.05206274236743,76.37088733798603,32571
8,11,91.59896868078208,74.76309226932668,92.73123879566788,75.77268195413758,33391
8,12,91.76688721310009,75.11221945137157,92.7494990272983,74.97507477567298,34215
8,13,91.8698397418992,75.01246882793018,92.89885184599346,74.0777666999003,35043
8,14,92.48193527071103,75.41147132169576,92.96392667929237,75.67298105682951,35875
8,15,92.13808065184611,75.56109725685786,92.35561022493135,75.17447657028913,36711
8,16,92.34845172874076,73.56608478802993,92.85273450927971,75.87238285144566,37551
8,17,92.64332186319247,76.30922693266832,93.35581469310804,75.07477567298105,38395
8,18,92.44002574711725,76.30922693266832,93.14116427440459,74.57627118644068,39243
9,2,91.76423124316075,74.0149625935162,92.85026766161168,75.07477567298105,26155
9,3,92.25374424598265,75.46134663341645,93.29829694192185,74.67597208374876,26943
9,4,92.11317754528842,74.56359102244389,92.66237530307045,73.678963110668,27735
9,5,91.82926193927757,74.56359102244389,92.6226065174091,74.77567298105683,28531
9,6,91.93128217186704,75.51122194513715,92.54625322034748,75.2741774675972,29331
9,7,92.48967536974861,75.86034912718205,93.3105040900459,75.07477567298105,30135
9,8,92.14762286384828,74.91271820448878,93.05802932316683,75.17447657028913,30943
9,9,92.68341497739104,75.91022443890274,93.41476558995939,75.47357926221336,31755
9,10,91.74016299559221,73.81546134663341,92.88061525678481,74.47657028913261,32571
9,11,91.97307266461505,75.86034912718205,93.01086006906797,75.67298105682951,33391
9,12,92.49623569255307,75.71072319201994,93.21956644707014,75.07477567298105,34215
9,13,92.35114448262021,75.31172069825436,93.33500619238173,74.8753738783649,35043
9,14,92.35392232865209,75.41147132169576,92.57992778382825,74.0777666999003,35875
9,15,92.30279193991959,75.36159600997506,93.30015140470155,75.77268195413758,36711
9,16,92.82690018289271,76.25935162094764,92.93974525781054,75.87238285144566,37551
9,17,92.2815422947722,74.91271820448878,93.01503407330165,75.97208374875373,38395
9,18,92.12033712091481,74.91271820448878,92.78694757548459,75.87238285144566,39243
10,2,91.97635750525663,75.56109725685786,92.72298772022538,75.77268195413758,26155
10,3,91.98418942883502,75.16209476309227,92.75931290760798,75.17447657028913,26943
10,4,91.90841237061508,74.51371571072319,92.88755255662102,75.3738783649053,27735
10,5,92.27111010190664,74.91271820448878,92.76217229140423,75.77268195413758,28531
10,6,92.13120647809497,74.66334164588528,92.92582791109257,74.77567298105683,29331
10,7,92.26418002834251,76.10972568578553,93.02556784607017,75.47357926221336,30135
10,8,92.22694386226006,75.91022443890274,93.03193257148597,74.97507477567298,30943
10,9,91.4630616716215,75.11221945137157,92.49054740084725,74.37686939182453,31755
10,10,92.261973166564,76.50872817955113,93.03839784385852,76.17148554336988,32571
10,11,92.3254627170121,75.36159600997506,92.93574776120954,74.0777666999003,33391
10,12,92.23868692304897,75.66084788029926,92.95656473710825,75.77268195413758,34215
10,13,92.23082745221652,74.81296758104739,92.70305826522251,73.87836490528414,35043
10,14,91.89154465207159,74.214463840399,92.63557452063047,73.97806580259221,35875
10,15,92.17369847973897,74.713216957606,92.83029796569629,75.17447657028913,36711
10,16,92.61565650732527,75.66084788029926,92.83728250488062,75.87238285144566,37551
10,17,92.26053939890319,74.76309226932668,93.25503170915941,76.17148554336988,38395
10,18,92.23356089552126,75.76059850374065,92.97947533985106,75.47357926221336,39243
11,2,91.9950302981934,74.713216957606,92.52981442585414,75.3738783649053,26155
11,3,92.1739036178345,74.66334164588528,92.91059878632699,75.3738783649053,26943
11,4,91.74954765616349,74.214463840399,92.3161210040183,74.67597208374876,27735
11,5,91.4045072456552,74.214463840399,92.72120734104465,74.47657028913261,28531
11,6,91.91110699932699,75.06234413965088,93.0937393801231,75.97208374875373,29331
11,7,91.70457191189048,74.56359102244389,92.47213374683795,75.47357926221336,30135
11,8,92.26776673689096,75.01246882793018,92.65208250675693,75.07477567298105,30943
11,9,92.35696084151256,76.30922693266832,93.02914546039636,76.37088733798603,31755
11,10,92.18666065968533,76.20947630922693,93.01170478107636,74.37686939182453,32571
11,11,92.40964062706412,76.35910224438904,93.01061759538209,75.2741774675972,33391
11,12,92.40481726275723,74.46384039900249,93.29969213672598,76.27118644067797,34215
11,13,92.31432136944487,75.26184538653366,93.07686426671809,74.8753738783649,35043
11,14,92.03281304885526,74.91271820448878,92.60669041473415,73.28015952143569,35875
11,15,91.8498822953221,73.76558603491273,92.64591116327072,75.67298105682951,36711
11,16,92.21223712089541,75.81047381546135,93.21841934405526,76.76969092721835,37551
11,17,92.42065136454764,75.41147132169576,93.08750772150614,76.66999002991027,38395
11,18,92.37804163327323,75.71072319201994,92.92034939224462,74.8753738783649,39243
12,2,91.83240706096447,75.66084788029926,92.64609255210821,75.57328015952145,26155
12,3,91.94291793153269,74.96259351620948,92.63951598411083,75.57328015952145,26943
12,4,91.90166240037976,75.26184538653366,92.99010512130025,75.07477567298105,27735
12,5,91.09909888848972,73.66583541147132,91.86323827765477,74.97507477567298,28531
12,6,91.56989077330145,74.1645885286783,92.57896518715718,74.17746759720838,29331
12,7,92.40749673413566,76.05985037406484,92.89293621886048,75.87238285144566,30135
12,8,92.19651975393022,76.00997506234414,92.62290747881788,76.17148554336988,30943
12,9,92.383196839062,75.91022443890274,93.13266232891705,75.67298105682951,31755
12,10,92.01700144275637,74.51371571072319,92.78074370423604,74.47657028913261,32571
12,11,92.79691093600462,76.40897755610972,93.040040929457,76.17148554336988,33391
12,12,92.28390014663849,75.26184538653366,93.051804849442,75.77268195413758,34215
12,13,91.61479222968563,73.66583541147132,92.23296814692513,74.27716849451646,35043
12,14,92.25359291505335,75.26184538653366,93.12142397519196,75.17447657028913,35875
12,15,92.58638500263207,76.05985037406484,93.20300721959343,77.46759720837487,36711
12,16,92.27837430779272,74.214463840399,92.84387156039041,75.17447657028913,37551
12,17,92.30990555698831,75.36159600997506,93.03687771559872,75.67298105682951,38395
12,18,91.62195000079568,74.3142144638404,93.1677381566372,76.17148554336988,39243
13,2,91.67129017999841,74.713216957606,92.7923598093672,74.27716849451646,26155
13,3,92.10446114006555,75.26184538653366,92.94340158424738,74.97507477567298,26943
13,4,92.01474203172062,76.15960099750623,93.21095649596278,76.37088733798603,27735
13,5,92.35123717713017,75.41147132169576,92.90483311890647,75.47357926221336,28531
13,6,91.73303337847324,74.61346633416458,92.7346356238332,75.07477567298105,29331
13,7,92.25332593886503,75.91022443890274,92.89027820337384,76.27118644067797,30135
13,8,92.56169863065836,76.6583541147132,93.3731030695409,75.97208374875373,30943
13,9,91.82783910331632,74.2643391521197,92.91534160644626,74.37686939182453,31755
13,10,91.89362945828728,75.11221945137157,92.79968420188472,74.8753738783649,32571
13,11,92.37806111379217,74.3142144638404,92.93574644647802,75.97208374875373,33391
13,12,92.49612575987055,74.86284289276807,93.20923005283441,76.07178464606181,34215
13,13,91.94484561763616,75.06234413965088,92.90090366552147,75.2741774675972,35043
13,14,91.89886788854959,75.56109725685786,92.61325089668891,75.2741774675972,35875
13,15,92.73478521417206,76.10972568578553,93.14713018234346,76.5702891326022,36711
13,16,92.00475057604083,75.51122194513715,92.87156422878257,74.97507477567298,37551
13,17,92.03360346638446,75.01246882793018,93.06219950350479,75.3738783649053,38395
13,18,92.04758567054162,74.56359102244389,92.73259755448818,75.3738783649053,39243
14,2,91.8084385025258,75.51122194513715,92.72824518002724,74.57627118644068,26155
14,3,92.11967261400903,76.25935162094764,92.59031751732628,74.27716849451646,26943
14,4,91.84426674624443,75.76059850374065,92.60636657226307,74.47657028913261,27735
14,5,91.73444480007336,74.96259351620948,92.4301383199509,74.0777666999003,28531
14,6,92.1566621356965,76.20947630922693,92.73291669749125,75.3738783649053,29331
14,7,92.23982232588442,76.10972568578553,92.5455648539834,74.77567298105683,30135
14,8,92.70198648198875,76.35910224438904,92.97501877930274,75.3738783649053,30943
14,9,92.60353293032763,76.05985037406484,93.27555757600265,76.66999002991027,31755
14,10,92.24831256166829,75.81047381546135,93.05508528337396,75.77268195413758,32571
14,11,91.28601050197342,74.0149625935162,92.45353345598221,73.77866400797608,33391
14,12,92.16367179817455,74.96259351620948,92.75045446071907,74.57627118644068,34215
14,13,92.33886223072732,74.51371571072319,92.89675178706452,74.27716849451646,35043
14,14,92.25252416823369,75.26184538653366,93.30500087209384,76.47058823529412,35875
14,15,92.25183477176732,76.10972568578553,92.5169320501017,74.0777666999003,36711
14,16,91.77862120336268,73.36658354114714,92.67831955718574,74.17746759720838,37551
14,17,92.25700953816755,74.91271820448878,92.95513719120314,75.67298105682951,38395
14,18,92.43790577506398,76.10972568578553,92.66379272507821,75.67298105682951,39243
15,2,91.9426448734557,74.66334164588528,92.91903115779272,75.17447657028913,26155
15,3,92.01475543564524,74.96259351620948,92.29644794387319,74.67597208374876,26943
15,4,91.82032234039191,74.96259351620948,92.66215003335948,74.27716849451646,27735
15,5,92.29444789210905,75.36159600997506,93.20327254145843,76.5702891326022,28531
15,6,92.31183676112263,74.96259351620948,93.11532172257344,75.47357926221336,29331
15,7,92.57407162719069,75.36159600997506,93.30910197806227,75.3738783649053,30135
15,8,92.37243804196292,75.51122194513715,92.57188855342517,76.76969092721835,30943
15,9,92.21181681613578,75.51122194513715,92.79861399789631,74.97507477567298,31755
15,10,92.54567065417399,74.96259351620948,92.30785163551674,73.47956131605184,32571
15,11,92.27316298857714,75.91022443890274,92.65352451133634,74.57627118644068,33391
15,12,92.18212491257648,75.21197007481297,93.12219723341046,75.87238285144566,34215
15,13,92.04975692945956,74.2643391521197,93.11782998086984,74.0777666999003,35043
15,14,92.34496767193279,74.51371571072319,92.97510093731704,74.27716849451646,35875
15,15,91.92493861234665,75.51122194513715,92.84661354382034,74.67597208374876,36711
15,16,92.33848891528935,74.66334164588528,93.26835634992563,76.17148554336988,37551
15,17,92.33169129453546,75.71072319201994,92.90293598688451,74.0777666999003,38395
15,18,92.11105096102285,74.86284289276807,93.30779065251946,75.67298105682951,39243
16,2,91.0446608553462,74.0149625935162,92.30075616350078,75.07477567298105,26155
16,3,91.9383443169165,74.713216957606,92.7293791530098,75.47357926221336,26943
16,4,92.22090548063908,75.71072319201994,93.01668753525396,75.2741774675972,27735
16,5,92.36612699217372,76.25935162094764,93.15201379126589,76.66999002991027,28531
16,6,92.29890971296368,76.25935162094764,93.17454504335892,75.47357926221336,29331
16,7,92.28690450438692,74.51371571072319,93.01921647247316,74.97507477567298,30135
16,8,92.28778983196894,75.66084788029926,93.03174832087234,76.17148554336988,30943
16,9,92.36029071105763,75.51122194513715,92.68619058304867,74.8753738783649,31755
16,10,92.41612199124842,75.66084788029926,92.97186929306385,75.67298105682951,32571
16,11,92.15865670976864,75.71072319201994,92.90437198587824,74.57627118644068,33391
16,12,91.82720909327192,74.81296758104739,92.83277467679821,73.87836490528414,34215
16,13,92.10640923467164,74.56359102244389,92.8094203288437,74.17746759720838,35043
16,14,91.9426182508808,74.91271820448878,92.84778625538061,75.17447657028913,35875
16,15,92.04506120596184,75.06234413965088,93.18349051404608,75.17447657028913,36711
16,16,91.83464231375169,74.96259351620948,92.3733185328089,74.47657028913261,37551
16,17,92.07516799421116,75.01246882793018,92.83222391129668,75.57328015952145,38395
16,18,92.19540167782164,74.56359102244389,92.8011712017473,73.08075772681954,39243
17,2,92.20299705198603,75.91022443890274,92.81199938737855,75.67298105682951,26155
17,3,92.24454938125238,74.91271820448878,92.93281606378066,75.17447657028913,26943
17,4,91.92667661864856,75.41147132169576,92.93609381839188,74.47657028913261,27735
17,5,92.05406451092438,75.41147132169576,92.93098055941638,76.76969092721835,28531
17,6,92.4868863521134,74.713216957606,92.91649039607177,75.3738783649053,29331
17,7,92.45015116146973,74.56359102244389,92.95683108330564,75.17447657028913,30135
17,8,92.21175938038184,75.81047381546135,93.06491707542138,76.47058823529412,30943
17,9,92.2512956711025,76.00997506234414,92.87343056683439,74.37686939182453,31755
17,10,91.40085186535678,73.21695760598503,92.43360494321642,75.67298105682951,32571
17,11,92.46851469810464,75.16209476309227,92.97423143532629,74.37686939182453,33391
17,12,91.96338044204276,74.76309226932668,92.63823987760377,75.3738783649053,34215
18,13,90.94242377028944,73.91521197007481,92.1024033621226,74.57627118644068,35043
18,14,92.3131163697745,74.2643391521197,92.91792914662614,74.37686939182453,35875
18,15,92.22257734825308,74.81296758104739,92.8101941474384,75.17447657028913,36711
18,16,92.18097605210399,75.26184538653366,93.29806346507661,74.57627118644068,37551
18,17,92.27778320712784,75.01246882793018,93.22684787438982,75.67298105682951,38395
18,18,92.41288846371613,75.51122194513715,93.09092834683122,74.27716849451646,39243
18,2,92.15369508257163,74.96259351620948,93.13509711021358,74.8753738783649,26155
18,3,91.90188011398571,75.61097256857855,92.87201858974977,76.27118644067797,26943
18,4,92.12992734043725,73.61596009975062,92.61786802856184,74.0777666999003,27735
18,5,92.19507259864397,73.86533665835412,92.65972619226608,73.57926221335993,28531
18,6,92.31105280283568,76.05985037406484,92.9145370797548,75.2741774675972,29331
18,7,92.05980429134935,75.36159600997506,92.7664380521351,74.77567298105683,30135
18,8,91.44375321477908,73.96508728179552,92.52649515844168,74.37686939182453,30943
18,9,91.46722342180735,74.3142144638404,92.20394071842058,74.27716849451646,31755
18,10,91.58811977294651,74.1645885286783,92.4208884504988,74.8753738783649,32571
18,11,92.36656133880764,74.51371571072319,92.90069997624256,73.97806580259221,33391
18,12,91.78662221539028,74.96259351620948,92.46733507758347,74.8753738783649,34215
19,13,92.1044404422558,75.41147132169576,92.90052720355071,75.67298105682951,35043
19,14,92.0396406795038,74.96259351620948,93.13769014809688,76.47058823529412,35875
19,15,92.2561761613542,76.05985037406484,92.6086885620488,75.07477567298105,36711
19,16,92.25362413202247,75.61097256857855,93.10431413494395,74.8753738783649,37551
19,17,92.02555912462552,74.06483790523691,93.1983530980813,74.27716849451646,38395
19,18,91.9362452528827,74.81296758104739,92.0085256582815,74.37686939182453,39243
19,2,91.17162172989711,73.66583541147132,92.53523745000814,74.47657028913261,26155
19,3,91.88334666197228,75.16209476309227,92.8513587702508,75.07477567298105,26943
19,4,92.08010493961706,75.91022443890274,92.65228338945248,73.08075772681954,27735
19,5,92.20517226780233,75.71072319201994,92.63806765707983,74.77567298105683,28531
19,6,91.80670431786979,74.11471321695761,92.85943098057491,75.77268195413758,29331
19,7,92.34342958323263,76.20947630922693,92.98515984083623,75.67298105682951,30135
19,8,92.08512068266224,75.41147132169576,92.8177589718762,76.37088733798603,30943
19,9,91.32250674157193,74.0149625935162,92.18750859296186,74.0777666999003,31755
19,10,92.20823466600231,75.31172069825436,92.99176201396827,75.77268195413758,32571
19,11,91.2860666022102,74.61346633416458,92.3652239564461,75.17447657028913,33391
19,12,92.24089204460739,74.66334164588528,92.69466017841633,75.3738783649053,34215
20,13,92.25254837349907,76.05985037406484,93.12976911742157,75.87238285144566,35043
20,14,91.74006517653753,74.81296758104739,92.48663782641555,74.37686939182453,35875
20,15,92.40750112879012,76.30922693266832,93.2118547641853,76.66999002991027,36711
20,16,92.02463940254798,75.01246882793018,93.33381791110781,74.67597208374876,37551
20,17,91.97719992559612,75.66084788029926,92.65346014614677,75.77268195413758,38395
20,18,92.16504046620342,74.96259351620948,92.82004494069838,73.57926221335993,39243
20,2,92.1670796767512,74.96259351620948,92.9852072721702,75.97208374875373,26155
20,3,91.47583848024766,74.56359102244389,92.7021733009235,75.17447657028913,26943
20,4,92.11719594276246,74.86284289276807,93.09302764599056,74.77567298105683,27735
20,5,92.22244150417335,75.41147132169576,93.15295473508078,74.57627118644068,28531
20,6,92.22205355816567,75.36159600997506,92.85718744572752,75.07477567298105,29331
20,7,91.42138310309636,73.46633416458853,92.28728491961388,74.97507477567298,30135
20,8,92.29263962839843,75.81047381546135,92.98363787099167,74.8753738783649,30943
20,9,92.14879330863558,75.36159600997506,92.80753733844334,76.86939182452642,31755
20,10,91.9673961287937,74.91271820448878,92.50199559496546,74.57627118644068,32571
20,11,92.14814385562761,75.06234413965088,92.78169802011327,73.87836490528414,33391
20,12,92.33435543766096,76.05985037406484,92.58885162563409,75.47357926221336,34215
21,13,92.12848668288377,74.713216957606,92.76333825938752,75.57328015952145,35043
21,14,92.288122964512,74.713216957606,92.80593320469706,75.57328015952145,35875
21,15,92.25185540433536,75.11221945137157,92.80132954470453,74.37686939182453,36711
21,16,91.43732346050325,73.81546134663341,92.50351561867562,75.17447657028913,37551
21,17,91.98614414253831,75.26184538653366,92.98347417904364,74.8753738783649,38395
21,18,92.32041182761606,74.713216957606,93.33604703690017,75.87238285144566,39243
21,2,92.31242428303352,74.96259351620948,93.03241325458652,76.27118644067797,26155
21,3,92.40908042261447,75.41147132169576,92.81064357189493,75.47357926221336,26943
21,4,92.12952117771499,75.56109725685786,92.84228049706408,75.07477567298105,27735
21,5,92.42748072946388,75.81047381546135,93.1232907008507,74.77567298105683,28531
21,6,91.74757652468006,74.51371571072319,92.27476855848906,75.47357926221336,29331
21,7,92.13472451300856,74.3142144638404,93.2762014931017,76.37088733798603,30135
21,8,92.05496119325647,75.81047381546135,93.03777971954037,75.17447657028913,30943
21,9,91.95008775685154,74.2643391521197,92.79814662090064,75.67298105682951,31755
21,10,91.94097520440005,75.21197007481297,92.74343047472514,75.17447657028913,32571
21,11,92.40910715796447,75.81047381546135,92.9388084201198,76.07178464606181,33391
21,12,91.9240984923232,75.71072319201994,92.58934942773872,75.2741774675972,34215
22,13,92.34893466259086,75.46134663341645,93.20392793308497,75.17447657028913,35043
22,14,91.98558007636895,75.11221945137157,92.9920848292175,73.77866400797608,35875
22,15,92.23422548324301,74.713216957606,92.49616926275405,75.07477567298105,36711
22,16,92.17582960021296,74.76309226932668,92.99554985378931,75.17447657028913,37551
22,17,91.90961099191017,75.36159600997506,92.67058002758087,73.77866400797608,38395
22,18,91.5855901518526,73.71571072319202,92.70034610306112,73.77866400797608,39243
22,2,91.5234405958644,74.46384039900249,92.43549030490634,75.2741774675972,26155
22,3,91.18802712085883,73.91521197007481,92.25583455976202,74.37686939182453,26943
22,4,92.16939081027522,76.30922693266832,93.10682855614102,75.67298105682951,27735
22,5,92.1541917720444,74.1645885286783,92.99050898626462,75.2741774675972,28531
22,6,92.23159223115054,75.96009975062344,93.18700207027646,74.37686939182453,29331
22,7,92.40511452416867,74.11471321695761,92.80669206502698,73.97806580259221,30135
22,8,91.91543233666643,75.76059850374065,93.09653604835152,75.87238285144566,30943
22,9,92.2238778196176,75.01246882793018,92.84743988504512,75.87238285144566,31755
22,10,91.54065444207606,74.56359102244389,92.38383596247623,74.8753738783649,32571
22,11,92.03850217547486,74.4139650872818,92.44956541488703,74.47657028913261,33391
22,12,92.34615166244431,75.66084788029926,93.0588268117896,75.97208374875373,34215
23,13,92.25439864193888,74.51371571072319,92.70954472459437,74.8753738783649,35043
23,14,91.73910694674207,74.11471321695761,92.43762460432875,74.27716849451646,35875
23,15,91.85732469499149,75.11221945137157,92.57733233482487,73.18045862412762,36711
23,16,92.06279057048638,74.61346633416458,92.81744507182175,74.37686939182453,37551
23,17,92.31687455112151,75.71072319201994,92.98926430381755,76.17148554336988,38395
23,18,91.73887100951458,75.06234413965088,93.14800356526342,74.37686939182453,39243
23,2,92.46051113385137,75.31172069825436,93.19984516190117,76.27118644067797,26155
23,3,91.95026321371425,74.0149625935162,92.57857032340847,75.47357926221336,26943
23,4,92.32562540341188,75.96009975062344,92.91668967836057,76.17148554336988,27735
23,5,92.07189817643805,75.06234413965088,92.7748646563697,75.77268195413758,28531
23,6,92.43279181607762,76.30922693266832,92.66045868814531,76.17148554336988,29331
23,7,91.78481656729235,75.26184538653366,92.68521980123563,73.97806580259221,30135
23,8,91.48360002371689,74.81296758104739,92.56617789216473,75.2741774675972,30943
23,9,91.9621174835034,75.51122194513715,92.94801330440794,76.5702891326022,31755
23,10,92.08857322965636,75.66084788029926,93.03810916876245,74.17746759720838,32571
23,11,91.84110520555284,74.91271820448878,92.79865258551992,75.2741774675972,33391
23,12,91.84513900211951,75.31172069825436,93.01513328292275,75.2741774675972,34215
24,13,92.2099262026576,74.61346633416458,92.63336099174175,74.67597208374876,35043
24,14,92.34385908166402,75.96009975062344,92.92539427725892,76.17148554336988,35875
24,15,92.45482704618529,75.51122194513715,93.28946843544344,75.77268195413758,36711
24,16,91.77985085854523,75.66084788029926,93.05606326937827,75.07477567298105,37551
24,17,92.43765791383616,75.31172069825436,92.85825104314338,76.5702891326022,38395
24,18,92.23592789842453,75.81047381546135,92.93234304013832,74.37686939182453,39243
24,2,91.59082699806956,74.76309226932668,92.93334126274382,75.97208374875373,26155
24,3,92.10655827634291,74.2643391521197,92.80466744419329,75.07477567298105,26943
24,4,92.02932439395613,75.96009975062344,92.62984838795717,74.27716849451646,27735
24,5,92.07036896910374,75.51122194513715,93.24470690281473,75.3738783649053,28531
24,6,91.97189718624328,73.56608478802993,92.41085143629479,73.97806580259221,29331
24,7,92.19387194668664,75.66084788029926,92.99517462921904,75.2741774675972,30135
24,8,91.91855900469041,74.46384039900249,92.64148598768729,76.76969092721835,30943
24,9,92.03686914814108,74.66334164588528,93.11640696058436,76.17148554336988,31755
24,10,92.0872275209876,75.21197007481297,92.27289691795598,73.97806580259221,32571
24,11,92.04477514310902,75.16209476309227,92.43320272115545,73.47956131605184,33391
24,12,91.90864519110517,74.1645885286783,92.63958395273868,74.47657028913261,34215
25,13,91.71994827997,73.96508728179552,92.63483327120511,74.8753738783649,35043
25,14,92.07783655927436,75.81047381546135,93.01620342629836,76.76969092721835,35875
25,15,92.32724188765606,75.81047381546135,93.01581239925841,75.3738783649053,36711
25,16,92.12754566783056,74.713216957606,92.70476878877147,75.67298105682951,37551
25,17,91.96211977273376,73.81546134663341,92.70731825596492,76.37088733798603,38395
25,18,92.55383075902367,75.11221945137157,93.23854724904656,76.47058823529412,39243
25,2,91.72214587746981,75.46134663341645,92.46145829065708,74.47657028913261,26155
25,3,92.40628635318468,75.06234413965088,93.16007445655029,75.57328015952145,26943
25,4,91.89089490219587,75.46134663341645,92.79958628008681,75.07477567298105,27735
25,5,92.39054874025919,75.21197007481297,92.56601105881465,75.87238285144566,28531
25,6,91.65790900931864,75.51122194513715,92.6375284303221,74.57627118644068,29331
25,7,92.48533985522236,75.71072319201994,92.75029668062784,73.87836490528414,30135
25,8,91.75258084810446,74.56359102244389,92.00582203249104,74.27716849451646,30943
25,9,91.9507197488233,74.66334164588528,93.09573098840413,74.47657028913261,31755
25,10,92.59190052738069,75.96009975062344,92.53658090674763,74.37686939182453,32571
25,11,92.3250887094848,76.00997506234414,93.2971091789166,76.47058823529412,33391
25,12,92.52570404355949,76.45885286783043,92.87618519630686,74.37686939182453,34215
26,13,91.97728526278576,75.61097256857855,92.72317152490756,72.68195413758724,35043
26,14,92.23668697623152,75.86034912718205,93.13134114579651,76.37088733798603,35875
26,15,91.90398157868209,75.06234413965088,92.75015797589771,74.57627118644068,36711
26,16,92.31281425484423,75.51122194513715,93.04137413957869,73.87836490528414,37551
26,17,92.46776622352006,74.11471321695761,92.72308485053709,75.17447657028913,38395
26,18,92.51474962427896,75.06234413965088,93.00509804439818,76.27118644067797,39243
26,2,91.70617499066516,75.31172069825436,92.34038749381132,75.47357926221336,26155
26,3,91.86642477530356,75.66084788029926,92.59546043309544,73.37986041874377,26943
26,4,92.13670323440508,74.61346633416458,92.95689575355212,74.8753738783649,27735
26,5,91.08251685106677,74.2643391521197,92.24558924754459,73.47956131605184,28531
26,6,91.67886028130921,74.51371571072319,92.62752989893544,74.77567298105683,29331
26,7,92.10332438620699,75.66084788029926,92.64344844754352,74.97507477567298,30135
26,8,92.47512219238443,76.10972568578553,93.01862760118922,76.07178464606181,30943
26,9,92.29367846844764,75.66084788029926,92.97637767632854,75.67298105682951,31755
26,10,92.23241754309976,75.31172069825436,92.81851168245261,75.17447657028913,32571
26,11,92.08526895231194,74.214463840399,93.00426084850898,75.57328015952145,33391
26,12,92.06846722631983,75.01246882793018,92.85030951841723,75.17447657028913,34215
27,13,92.38339989779854,76.25935162094764,93.3728237245282,75.2741774675972,35043
27,14,92.358859041848,75.31172069825436,93.48005597414975,73.77866400797608,35875
27,15,92.36938185747826,75.86034912718205,93.10879554108996,75.77268195413758,36711
27,16,92.17386892954593,75.96009975062344,93.04443588252073,75.67298105682951,37551
27,17,92.25504975722885,74.81296758104739,92.97357458334491,75.2741774675972,38395
27,18,92.03714909022204,75.16209476309227,93.00812879694594,75.17447657028913,39243
27,2,91.85529337699968,74.214463840399,92.74290794635334,74.57627118644068,26155
27,3,91.89388940499015,75.26184538653366,93.45831075095072,76.07178464606181,26943
27,4,92.04705095662095,75.41147132169576,92.61552103988045,75.3738783649053,27735
27,5,91.61870261184042,74.4139650872818,92.36012791918844,75.77268195413758,28531
27,6,91.99962251311659,74.713216957606,92.46096228587854,72.08374875373879,29331
27,7,92.64354605259621,75.61097256857855,92.73097253974598,75.07477567298105,30135
27,8,92.52515909625106,75.96009975062344,92.88696781886492,74.17746759720838,30943
27,9,92.43948812612918,74.713216957606,93.0176728117837,75.57328015952145,31755
27,10,91.49598265173664,74.4139650872818,92.28184097771448,75.07477567298105,32571
27,11,92.33597122146078,74.96259351620948,93.48793222017832,75.77268195413758,33391
27,12,92.33228056365358,75.36159600997506,93.01957545256246,74.77567298105683,34215
28,13,92.39900197297263,75.31172069825436,93.00840884776804,75.47357926221336,35043
28,14,92.79305709722937,76.00997506234414,93.00308857270578,74.37686939182453,35875
28,15,92.31819637649359,75.91022443890274,93.13839351472718,75.17447657028913,36711
28,16,91.85698342155197,75.36159600997506,92.58919313509627,73.57926221335993,37551
28,17,92.49691041718158,76.00997506234414,92.97599920361618,74.17746759720838,38395
28,18,92.53915425589172,76.15960099750623,93.23525431697941,75.67298105682951,39243
28,2,92.32448950920525,75.41147132169576,92.99937670778336,75.2741774675972,26155
28,3,91.77668806617359,75.16209476309227,93.01086668381011,76.86939182452642,26943
28,4,91.97866432497881,74.51371571072319,93.15951032549637,75.07477567298105,27735
28,5,92.58855317797041,75.81047381546135,93.23312225815724,76.66999002991027,28531
28,6,92.02062590242014,75.01246882793018,92.83170673789594,75.77268195413758,29331
28,7,91.9399182107052,75.51122194513715,92.08781419439258,74.57627118644068,30135
28,8,92.39536461338454,75.46134663341645,93.07836204255865,75.17447657028913,30943
28,9,92.28593232226181,74.91271820448878,92.82337553058039,75.87238285144566,31755
28,10,92.35624234251011,75.01246882793018,93.11268465895682,76.66999002991027,32571
28,11,91.91491169252387,74.66334164588528,92.6307220407228,74.8753738783649,33391
28,12,92.26245867297571,74.86284289276807,92.7881741973971,75.17447657028913,34215
29,13,92.44400358563199,75.56109725685786,92.73793385182795,75.67298105682951,35043
29,14,92.42079861819369,75.46134663341645,92.75488871926056,75.97208374875373,35875
29,15,91.82896797375372,74.96259351620948,92.61711037084144,74.57627118644068,36711
29,16,92.3971627357763,75.31172069825436,93.26372957165516,75.47357926221336,37551
29,17,92.11893114659514,74.86284289276807,93.08033947753769,75.67298105682951,38395
29,18,92.42930219817642,76.05985037406484,92.7894624888079,75.17447657028913,39243
29,2,91.69993055531943,74.46384039900249,92.6220095822186,75.67298105682951,26155
29,3,91.29677915359609,74.66334164588528,92.53730155697578,75.3738783649053,26943
29,4,92.29639463974112,74.91271820448878,92.94797959492651,75.77268195413758,27735
29,5,92.26735061663364,75.71072319201994,93.07567702420133,75.87238285144566,28531
29,6,91.51923513462535,74.214463840399,92.81560029692285,74.57627118644068,29331
29,7,92.07707400533477,74.81296758104739,93.0651539654966,76.17148554336988,30135
29,8,92.14588028186876,75.61097256857855,92.35080082188583,74.27716849451646,30943
29,9,92.28055251622052,75.56109725685786,93.00126224205313,76.17148554336988,31755
29,10,92.26287346041785,76.45885286783043,92.86164356520769,75.2741774675972,32571
29,11,91.71717787673543,75.31172069825436,92.81314337534253,74.77567298105683,33391
29,12,92.3071617360053,75.71072319201994,92.89416479669843,74.8753738783649,34215
30,13,92.51404382126516,75.76059850374065,92.59856000432698,74.27716849451646,35043
30,14,92.37428299082279,75.06234413965088,92.96023158268781,75.07477567298105,35875
30,15,92.0911123159453,75.16209476309227,92.84951241724222,74.57627118644068,36711
30,16,91.63825614445845,74.4139650872818,92.80151135038629,73.97806580259221,37551
30,17,91.9584316245335,74.51371571072319,92.67326519481361,75.17447657028913,38395
30,18,92.11485621808447,75.51122194513715,92.989721204027,76.27118644067797,39243
30,2,91.75934234734359,73.46633416458853,93.09671300743052,76.5702891326022,26155
30,3,91.58599004951465,74.76309226932668,92.32937762131917,74.47657028913261,26943
30,4,92.33918457833222,75.66084788029926,93.1908690983353,76.66999002991027,27735
30,5,91.99710027370249,74.76309226932668,92.55198597036663,74.8753738783649,28531
30,6,92.11488299975083,74.2643391521197,92.49084261341451,74.47657028913261,29331
30,7,91.28740446198552,73.31670822942642,92.31105310762976,74.37686939182453,30135
30,8,92.62070313637251,75.46134663341645,93.13825496978068,75.47357926221336,30943
30,9,92.5408286102731,75.11221945137157,93.40431404071443,75.97208374875373,31755
30,10,92.2847175441639,74.51371571072319,92.86591306520098,73.678963110668,32571
30,11,92.3085462432625,74.81296758104739,93.01544740955404,75.3738783649053,33391
30,12,92.05955660513133,75.06234413965088,93.06885301171012,76.07178464606181,34215
31,13,92.51095124821734,76.15960099750623,93.16533440697775,75.2741774675972,35043
31,14,92.25887507389696,75.81047381546135,93.13049739354872,75.67298105682951,35875
31,15,92.31500332112017,75.06234413965088,93.00507684666358,74.8753738783649,36711
31,16,92.52848480673309,76.45885286783043,92.97841606383169,74.8753738783649,37551
31,17,92.35040736862062,75.21197007481297,93.24739070155823,76.5702891326022,38395
31,18,91.46370297880712,73.91521197007481,92.00144712379051,74.77567298105683,39243
31,2,92.17054422981107,75.21197007481297,93.21494598283005,74.8753738783649,26155
31,3,91.86979059234795,74.76309226932668,93.2697803919351,73.678963110668,26943
31,4,92.5919273144202,75.46134663341645,93.14391327766972,74.67597208374876,27735
31,5,92.02963297050408,75.11221945137157,92.67241956639589,76.47058823529412,28531
31,6,92.43373002056953,75.71072319201994,92.87085310004545,75.87238285144566,29331
31,7,91.8548932816811,74.2643391521197,92.82061726956509,75.07477567298105,30135
31,8,92.03148897752045,75.11221945137157,92.60830056744793,74.0777666999003,30943
31,9,92.50041179107207,75.56109725685786,92.8635651556786,76.66999002991027,31755
31,10,91.89216848350856,74.3142144638404,92.8138011896657,74.8753738783649,32571
31,11,92.45465914306614,76.30922693266832,92.77013761973059,75.77268195413758,33391
31,12,92.18367427707445,75.46134663341645,93.16114926552747,76.37088733798603,34215
32,13,92.30081171018956,74.91271820448878,93.08847422398698,75.57328015952145,35043
32,14,92.51164876271183,76.05985037406484,92.77634623869504,75.3738783649053,35875
32,15,92.12257743340821,74.81296758104739,92.9911269090276,75.2741774675972,36711
32,16,92.4094042328871,74.61346633416458,92.93075378745048,76.37088733798603,37551
32,17,92.21616255599393,75.21197007481297,93.05289729990898,74.57627118644068,38395
32,18,92.44848112995741,75.36159600997506,93.05462635509329,75.47357926221336,39243
32,2,92.0771682594563,74.61346633416458,92.71915464632971,74.77567298105683,26155
32,3,91.4507419673,72.46882793017456,92.55663784848778,73.77866400797608,26943
32,4,92.05058238530846,75.41147132169576,92.92543595981014,78.1655034895314,27735
32,5,91.8689135280297,74.96259351620948,93.08078030173387,76.47058823529412,28531
32,6,92.2737688916342,76.40897755610972,92.90161971397605,74.67597208374876,29331
32,7,92.49300368591261,75.51122194513715,93.20666407522535,76.17148554336988,30135
32,8,92.11312278145586,74.61346633416458,92.893938300412,75.07477567298105,30943
32,9,91.80996483511183,73.96508728179552,92.51464147611583,75.47357926221336,31755
32,10,92.28204181769586,76.15960099750623,92.95842266926815,75.77268195413758,32571
32,11,91.91385944486188,73.76558603491273,92.41629726321446,74.17746759720838,33391
32,12,92.13948142992713,74.86284289276807,92.6650087495797,74.8753738783649,34215
33,13,92.03441925823965,75.31172069825436,92.9293877621914,74.27716849451646,35043
33,14,92.09909394371391,74.2643391521197,92.7448932494604,75.67298105682951,35875
33,15,91.96973391814761,75.51122194513715,92.96352767463166,75.97208374875373,36711
33,16,92.38012795852686,75.51122194513715,92.36890930915916,74.67597208374876,37551
33,17,92.56228754026331,75.71072319201994,93.05576634985522,73.678963110668,38395
33,18,91.66112259813151,74.46384039900249,92.62307354707482,73.97806580259221,39243
33,2,91.93079950060127,75.01246882793018,92.68426190919949,73.678963110668,26155
33,3,91.99889810146529,74.3640897755611,92.4283701713481,75.07477567298105,26943
33,4,91.72873540116984,75.41147132169576,92.48669186071294,74.37686939182453,27735
33,5,92.12581337299535,75.01246882793018,93.0681267197766,75.57328015952145,28531
33,6,92.4466107766655,75.21197007481297,93.00862723139946,74.37686939182453,29331
33,7,92.62136955339219,75.16209476309227,93.19477491811855,75.97208374875373,30135
33,8,92.11254897958393,74.61346633416458,92.78840166943985,75.17447657028913,30943
33,9,91.8377912718049,74.3142144638404,92.4836659995129,74.57627118644068,31755
33,10,92.2637211675962,75.16209476309227,93.45652197861284,76.07178464606181,32571
33,11,91.9579426446138,75.81047381546135,92.92405423622593,74.8753738783649,33391
33,12,92.33166999577894,75.61097256857855,92.72853923433829,75.77268195413758,34215
34,13,92.03009156634529,75.21197007481297,92.72912149316711,74.8753738783649,35043
34,14,91.80979236227927,74.46384039900249,92.91434097198238,74.97507477567298,35875
34,15,91.83547206680755,74.713216957606,92.80276568612165,74.77567298105683,36711
34,16,92.55818235999217,75.41147132169576,92.8910611264103,73.97806580259221,37551
34,17,91.86394697894038,75.01246882793018,93.09364631942714,75.77268195413758,38395
34,18,92.64567897447643,75.91022443890274,92.86599732802408,74.47657028913261,39243
34,2,91.76246320593948,74.3640897755611,92.97471917079598,74.97507477567298,26155
34,3,92.43066334981968,75.86034912718205,93.44958651997193,76.66999002991027,26943
34,4,92.33612708489937,75.06234413965088,92.98460980820148,75.97208374875373,27735
34,5,92.11654550394371,74.76309226932668,92.26077466076792,74.97507477567298,28531
34,6,92.23714318476252,74.96259351620948,93.0689856022924,76.17148554336988,29331
34,7,92.23779909463919,75.61097256857855,93.18378947767336,75.67298105682951,30135
34,8,92.41999913881449,75.91022443890274,92.71651284231048,75.97208374875373,30943
34,9,92.20813464631215,75.66084788029926,92.71563851721103,75.47357926221336,31755
34,10,92.39711627601753,75.36159600997506,92.6155022036916,76.27118644067797,32571
34,11,92.10571778846838,74.91271820448878,93.22653008031784,75.47357926221336,33391
34,12,92.32499641147346,76.35910224438904,93.02043475858781,76.27118644067797,34215
35,13,92.07250021064158,74.61346633416458,92.86786179562692,75.3738783649053,35043
35,14,92.23656233729342,75.81047381546135,92.99561990980644,74.97507477567298,35875
35,15,92.44709266969127,76.00997506234414,92.70676990834346,74.97507477567298,36711
35,16,92.5286794300022,75.61097256857855,93.41475593157837,75.67298105682951,37551
35,17,92.012739545835,75.71072319201994,93.21985129460785,76.76969092721835,38395
35,18,92.32029479855264,75.66084788029926,92.79354351198529,73.77866400797608,39243
35,2,92.3753306905968,75.56109725685786,92.60897774928712,76.07178464606181,26155
35,3,92.02083418952905,75.66084788029926,93.18327066110383,76.07178464606181,26943
35,4,92.34370794385416,76.00997506234414,92.68090543383003,74.37686939182453,27735
