idx,dropout,lr,quantum_data,test_auc,test_acc,val_auc,val_acc,#params,RD
0,"{'embedding_attn': 0.475, 'after_attn': 0.475, 'feedforward': 0.35, 'embedding_pos': 0.35}",0.0004,king_measure_all,90.72596874259547,73.11720698254364,92.1831978038688,74.47657028913261,2510523,2
0,"{'embedding_attn': 0.375, 'after_attn': 0.375, 'feedforward': 0.3, 'embedding_pos': 0.3}",0.00085,king_measure_cross,91.32834746359633,75.71072319201994,92.81538874726093,74.77567298105683,1573779,1
0,"{'embedding_attn': 0.275, 'after_attn': 0.3, 'feedforward': 0.25, 'embedding_pos': 0.275}",0.00135,king_measure_corners,88.10225156660563,69.17705735660847,89.78069556490274,64.80558325024926,1028787,1
0,"{'embedding_attn': 0.275, 'after_attn': 0.275, 'feedforward': 0.25, 'embedding_pos': 0.25}",0.00175,king_2_ancilla,91.39352010671588,75.06234413965088,92.19600239505372,74.67597208374876,284403,1
0,"{'embedding_attn': 0.25, 'after_attn': 0.25, 'feedforward': 0.225, 'embedding_pos': 0.225}",0.0025,king_1_ancilla,91.59985300369335,74.96259351620948,91.88338793878712,74.37686939182453,85011,1
0,"{'embedding_attn': 0.225, 'after_attn': 0.225, 'feedforward': 0.225, 'embedding_pos': 0.225}",0.0025,none,92.41354789594442,75.01246882793018,93.1553871933361,73.28015952143569,85011,1
1,"{'embedding_attn': 0.475, 'after_attn': 0.475, 'feedforward': 0.35, 'embedding_pos': 0.35}",0.0004,king_measure_all,91.30639121473368,73.71571072319202,91.9871864958903,74.47657028913261,2510523,2
1,"{'embedding_attn': 0.375, 'after_attn': 0.375, 'feedforward': 0.3, 'embedding_pos': 0.3}",0.00085,king_measure_cross,91.34193748893938,74.46384039900249,92.39304610807922,73.37986041874377,1573779,1
1,"{'embedding_attn': 0.275, 'after_attn': 0.3, 'feedforward': 0.25, 'embedding_pos': 0.275}",0.00135,king_measure_corners,88.66747341720138,71.02244389027432,89.88505320350836,66.89930209371884,1028787,1
1,"{'embedding_attn': 0.275, 'after_attn': 0.275, 'feedforward': 0.25, 'embedding_pos': 0.25}",0.00175,king_2_ancilla,90.29235902967564,70.82294264339151,91.98378183255052,72.28315054835494,284403,1
1,"{'embedding_attn': 0.25, 'after_attn': 0.25, 'feedforward': 0.225, 'embedding_pos': 0.225}",0.0025,king_1_ancilla,91.53594775341499,75.01246882793018,92.4944831505295,72.48255234297109,85011,1
1,"{'embedding_attn': 0.225, 'after_attn': 0.225, 'feedforward': 0.225, 'embedding_pos': 0.225}",0.0025,none,92.23253805347366,75.51122194513715,92.6048729185687,73.28015952143569,85011,1
2,"{'embedding_attn': 0.475, 'after_attn': 0.475, 'feedforward': 0.35, 'embedding_pos': 0.35}",0.0004,king_measure_all,90.85637350458052,73.66583541147132,92.19391172021429,74.27716849451646,2510523,2
2,"{'embedding_attn': 0.375, 'after_attn': 0.375, 'feedforward': 0.3, 'embedding_pos': 0.3}",0.00085,king_measure_cross,91.1091875091046,72.61845386533666,92.32800509290165,75.17447657028913,1573779,1
2,"{'embedding_attn': 0.275, 'after_attn': 0.3, 'feedforward': 0.25, 'embedding_pos': 0.275}",0.00135,king_measure_corners,88.14816469940946,67.93017456359102,89.67031452739175,65.50348953140578,1028787,1
2,"{'embedding_attn': 0.275, 'after_attn': 0.275, 'feedforward': 0.25, 'embedding_pos': 0.25}",0.00175,king_2_ancilla,90.92207552448671,73.61596009975062,91.86822706712276,70.38883349950149,284403,1
2,"{'embedding_attn': 0.25, 'after_attn': 0.25, 'feedforward': 0.225, 'embedding_pos': 0.225}",0.0025,king_1_ancilla,91.10875699351996,74.3142144638404,92.00065686981426,73.47956131605184,85011,1
2,"{'embedding_attn': 0.225, 'after_attn': 0.225, 'feedforward': 0.225, 'embedding_pos': 0.225}",0.0025,none,92.19761997104584,75.46134663341645,92.66606035882171,73.37986041874377,85011,1
3,"{'embedding_attn': 0.475, 'after_attn': 0.475, 'feedforward': 0.35, 'embedding_pos': 0.35}",0.0004,king_measure_all,91.06806194964098,73.81546134663341,92.14625967766824,74.57627118644068,2510523,2
3,"{'embedding_attn': 0.375, 'after_attn': 0.375, 'feedforward': 0.3, 'embedding_pos': 0.3}",0.00085,king_measure_cross,90.73824528122057,72.11970074812967,92.49811312695088,72.88135593220339,1573779,1
3,"{'embedding_attn': 0.275, 'after_attn': 0.3, 'feedforward': 0.25, 'embedding_pos': 0.275}",0.00135,king_measure_corners,87.48643611422854,63.690773067331676,88.43131400260144,62.412761714855435,1028787,1
3,"{'embedding_attn': 0.275, 'after_attn': 0.275, 'feedforward': 0.25, 'embedding_pos': 0.25}",0.00175,king_2_ancilla,90.96445874628164,73.91521197007481,92.2368287800008,72.98105682951147,284403,1
3,"{'embedding_attn': 0.25, 'after_attn': 0.25, 'feedforward': 0.225, 'embedding_pos': 0.225}",0.0025,king_1_ancilla,91.5321379127483,75.16209476309227,92.02750528808107,72.88135593220339,85011,1
3,"{'embedding_attn': 0.225, 'after_attn': 0.225, 'feedforward': 0.225, 'embedding_pos': 0.225}",0.0025,none,92.15038635246752,75.46134663341645,93.20197931476567,75.2741774675972,85011,1
4,"{'embedding_attn': 0.475, 'after_attn': 0.475, 'feedforward': 0.35, 'embedding_pos': 0.35}",0.0004,king_measure_all,91.2062781228972,72.51870324189527,92.0887316819661,73.18045862412762,2510523,2
4,"{'embedding_attn': 0.375, 'after_attn': 0.375, 'feedforward': 0.3, 'embedding_pos': 0.3}",0.00085,king_measure_cross,91.45702818545544,74.61346633416458,92.24611283093255,73.37986041874377,1573779,1
4,"{'embedding_attn': 0.275, 'after_attn': 0.3, 'feedforward': 0.25, 'embedding_pos': 0.275}",0.00135,king_measure_corners,88.30567176121275,69.52618453865337,89.53129808079939,66.40079760717846,1028787,1
4,"{'embedding_attn': 0.275, 'after_attn': 0.275, 'feedforward': 0.25, 'embedding_pos': 0.25}",0.00175,king_2_ancilla,91.00934948858492,74.06483790523691,92.32701311294356,71.08673978065802,284403,1
4,"{'embedding_attn': 0.25, 'after_attn': 0.25, 'feedforward': 0.225, 'embedding_pos': 0.225}",0.0025,king_1_ancilla,91.14599000248934,74.51371571072319,92.43795610771002,73.97806580259221,85011,1
4,"{'embedding_attn': 0.225, 'after_attn': 0.225, 'feedforward': 0.225, 'embedding_pos': 0.225}",0.0025,none,92.09048973663762,74.56359102244389,93.25685800627909,75.87238285144566,85011,1
5,"{'embedding_attn': 0.475, 'after_attn': 0.475, 'feedforward': 0.35, 'embedding_pos': 0.35}",0.0004,king_measure_all,91.07728462149554,72.51870324189527,91.88348988396032,73.57926221335993,2510523,2
5,"{'embedding_attn': 0.375, 'after_attn': 0.375, 'feedforward': 0.3, 'embedding_pos': 0.3}",0.00085,king_measure_cross,91.57481952976347,75.26184538653366,92.09936602623291,74.67597208374876,1573779,1
5,"{'embedding_attn': 0.275, 'after_attn': 0.3, 'feedforward': 0.25, 'embedding_pos': 0.275}",0.00135,king_measure_corners,86.81025374587111,66.88279301745635,89.2455936201447,65.10468594217348,1028787,1
5,"{'embedding_attn': 0.275, 'after_attn': 0.275, 'feedforward': 0.25, 'embedding_pos': 0.25}",0.00175,king_2_ancilla,91.48279093193491,75.21197007481297,92.24028284311048,71.88434695912264,284403,1
5,"{'embedding_attn': 0.25, 'after_attn': 0.25, 'feedforward': 0.225, 'embedding_pos': 0.225}",0.0025,king_1_ancilla,90.70522991741055,72.66832917705736,91.14835449411267,70.48853439680957,85011,1
5,"{'embedding_attn': 0.225, 'after_attn': 0.225, 'feedforward': 0.225, 'embedding_pos': 0.225}",0.0025,none,92.44892603925335,74.61346633416458,93.08887929126975,74.67597208374876,85011,1
6,"{'embedding_attn': 0.475, 'after_attn': 0.475, 'feedforward': 0.35, 'embedding_pos': 0.35}",0.0004,king_measure_all,90.70670245377471,72.51870324189527,91.017685132007,72.98105682951147,2510523,2
6,"{'embedding_attn': 0.375, 'after_attn': 0.375, 'feedforward': 0.3, 'embedding_pos': 0.3}",0.00085,king_measure_cross,91.64925940310127,74.81296758104739,92.1193635925301,73.18045862412762,1573779,1
6,"{'embedding_attn': 0.275, 'after_attn': 0.3, 'feedforward': 0.25, 'embedding_pos': 0.275}",0.00135,king_measure_corners,88.2144571368732,68.7780548628429,89.5052964651364,60.418743768693915,1028787,1
6,"{'embedding_attn': 0.275, 'after_attn': 0.275, 'feedforward': 0.25, 'embedding_pos': 0.25}",0.00175,king_2_ancilla,90.58038885080941,70.62344139650872,92.58737744702145,72.58225324027916,284403,1
6,"{'embedding_attn': 0.25, 'after_attn': 0.25, 'feedforward': 0.225, 'embedding_pos': 0.225}",0.0025,king_1_ancilla,91.6581990397443,73.46633416458853,92.73032371125173,73.97806580259221,85011,1
6,"{'embedding_attn': 0.225, 'after_attn': 0.225, 'feedforward': 0.225, 'embedding_pos': 0.225}",0.0025,none,91.97981516251238,74.61346633416458,92.61267164820423,74.77567298105683,85011,1
7,"{'embedding_attn': 0.475, 'after_attn': 0.475, 'feedforward': 0.35, 'embedding_pos': 0.35}",0.0004,king_measure_all,91.0841336297537,72.91770573566085,91.78222330003604,74.77567298105683,2510523,2
7,"{'embedding_attn': 0.375, 'after_attn': 0.375, 'feedforward': 0.3, 'embedding_pos': 0.3}",0.00085,king_measure_cross,91.10795962218695,74.1645885286783,92.45704323380929,73.47956131605184,1573779,1
7,"{'embedding_attn': 0.275, 'after_attn': 0.3, 'feedforward': 0.25, 'embedding_pos': 0.275}",0.00135,king_measure_corners,87.64175491305191,65.93516209476309,89.49868699734384,64.90528414755732,1028787,1
7,"{'embedding_attn': 0.275, 'after_attn': 0.275, 'feedforward': 0.25, 'embedding_pos': 0.25}",0.00175,king_2_ancilla,90.86005391708755,73.76558603491273,92.83571497653021,73.87836490528414,284403,1
7,"{'embedding_attn': 0.25, 'after_attn': 0.25, 'feedforward': 0.225, 'embedding_pos': 0.225}",0.0025,king_1_ancilla,91.06597792796903,74.11471321695761,92.19265340171154,73.678963110668,85011,1
7,"{'embedding_attn': 0.225, 'after_attn': 0.225, 'feedforward': 0.225, 'embedding_pos': 0.225}",0.0025,none,92.13619383569892,75.11221945137157,92.72959617735135,75.17447657028913,85011,1
8,"{'embedding_attn': 0.475, 'after_attn': 0.475, 'feedforward': 0.35, 'embedding_pos': 0.35}",0.0004,king_measure_all,90.96027252072778,73.11720698254364,91.76356062882277,74.27716849451646,2510523,2
8,"{'embedding_attn': 0.375, 'after_attn': 0.375, 'feedforward': 0.3, 'embedding_pos': 0.3}",0.00085,king_measure_cross,91.94496595411402,73.16708229426435,92.78952550106095,72.58225324027916,1573779,1
8,"{'embedding_attn': 0.275, 'after_attn': 0.3, 'feedforward': 0.25, 'embedding_pos': 0.275}",0.00135,king_measure_corners,86.95180550564355,66.78304239401496,88.06229382763802,61.814556331006976,1028787,1
8,"{'embedding_attn': 0.275, 'after_attn': 0.275, 'feedforward': 0.25, 'embedding_pos': 0.25}",0.00175,king_2_ancilla,90.83715800362316,74.46384039900249,92.47217341021738,73.47956131605184,284403,1
8,"{'embedding_attn': 0.25, 'after_attn': 0.25, 'feedforward': 0.225, 'embedding_pos': 0.225}",0.0025,king_1_ancilla,91.22395178085908,74.61346633416458,92.45359486854277,74.17746759720838,85011,1
8,"{'embedding_attn': 0.225, 'after_attn': 0.225, 'feedforward': 0.225, 'embedding_pos': 0.225}",0.0025,none,91.97513133687788,75.11221945137157,92.95012241567605,75.47357926221336,85011,1
9,"{'embedding_attn': 0.475, 'after_attn': 0.475, 'feedforward': 0.35, 'embedding_pos': 0.35}",0.0004,king_measure_all,91.39522069754321,73.96508728179552,92.0937092628905,73.37986041874377,2510523,2
9,"{'embedding_attn': 0.375, 'after_attn': 0.375, 'feedforward': 0.3, 'embedding_pos': 0.3}",0.00085,king_measure_cross,91.48847071060722,73.21695760598503,92.48717510270461,72.38285144566301,1573779,1
9,"{'embedding_attn': 0.275, 'after_attn': 0.3, 'feedforward': 0.25, 'embedding_pos': 0.275}",0.00135,king_measure_corners,87.49087660095621,67.88029925187033,89.51058642524949,63.609172482552346,1028787,1
9,"{'embedding_attn': 0.275, 'after_attn': 0.275, 'feedforward': 0.25, 'embedding_pos': 0.25}",0.00175,king_2_ancilla,91.11178507941736,74.214463840399,91.62683202154604,73.08075772681954,284403,1
9,"{'embedding_attn': 0.25, 'after_attn': 0.25, 'feedforward': 0.225, 'embedding_pos': 0.225}",0.0025,king_1_ancilla,91.195962037117,73.16708229426435,92.44504454347998,71.5852442671984,85011,1
9,"{'embedding_attn': 0.225, 'after_attn': 0.225, 'feedforward': 0.225, 'embedding_pos': 0.225}",0.0025,none,91.98045805975322,75.61097256857855,92.8785937112152,75.2741774675972,85011,1
10,"{'embedding_attn': 0.475, 'after_attn': 0.475, 'feedforward': 0.35, 'embedding_pos': 0.35}",0.0004,king_measure_all,91.29895937122487,74.2643391521197,92.3114921107043,73.18045862412762,2510523,2
10,"{'embedding_attn': 0.375, 'after_attn': 0.375, 'feedforward': 0.3, 'embedding_pos': 0.3}",0.00085,king_measure_cross,91.23625179854349,73.56608478802993,92.5957930365079,73.47956131605184,1573779,1
10,"{'embedding_attn': 0.275, 'after_attn': 0.3, 'feedforward': 0.25, 'embedding_pos': 0.275}",0.00135,king_measure_corners,89.00198446372816,70.72319201995012,89.94946873075052,67.59720837487538,1028787,1
10,"{'embedding_attn': 0.275, 'after_attn': 0.275, 'feedforward': 0.25, 'embedding_pos': 0.25}",0.00175,king_2_ancilla,90.97965404134214,75.21197007481297,91.6766211867978,72.58225324027916,284403,1
10,"{'embedding_attn': 0.25, 'after_attn': 0.25, 'feedforward': 0.225, 'embedding_pos': 0.225}",0.0025,king_1_ancilla,91.51820106328483,74.81296758104739,92.22135295131127,74.17746759720838,85011,1
10,"{'embedding_attn': 0.225, 'after_attn': 0.225, 'feedforward': 0.225, 'embedding_pos': 0.225}",0.0025,none,91.82216012314208,75.26184538653366,92.60714577595573,74.17746759720838,85011,1
11,"{'embedding_attn': 0.475, 'after_attn': 0.475, 'feedforward': 0.35, 'embedding_pos': 0.35}",0.0004,king_measure_all,91.42299464108164,74.06483790523691,92.28704139067753,73.77866400797608,2510523,2
11,"{'embedding_attn': 0.375, 'after_attn': 0.375, 'feedforward': 0.3, 'embedding_pos': 0.3}",0.00085,king_measure_cross,91.64834362688133,74.3142144638404,92.87959585466314,74.0777666999003,1573779,1
11,"{'embedding_attn': 0.275, 'after_attn': 0.3, 'feedforward': 0.25, 'embedding_pos': 0.275}",0.00135,king_measure_corners,88.14743956220357,67.28179551122194,89.34161977047609,65.30408773678963,1028787,1
11,"{'embedding_attn': 0.275, 'after_attn': 0.275, 'feedforward': 0.25, 'embedding_pos': 0.25}",0.00175,king_2_ancilla,91.41241602120215,75.01246882793018,92.0623212646115,70.98703888334995,284403,1
11,"{'embedding_attn': 0.25, 'after_attn': 0.25, 'feedforward': 0.225, 'embedding_pos': 0.225}",0.0025,king_1_ancilla,91.53462496309041,74.66334164588528,92.05316950820676,72.08374875373879,85011,1
11,"{'embedding_attn': 0.225, 'after_attn': 0.225, 'feedforward': 0.225, 'embedding_pos': 0.225}",0.0025,none,91.9932772251532,74.61346633416458,92.863628014949,74.67597208374876,85011,1
12,"{'embedding_attn': 0.475, 'after_attn': 0.475, 'feedforward': 0.35, 'embedding_pos': 0.35}",0.0004,king_measure_all,91.04856758281537,72.66832917705736,91.55353369606632,73.37986041874377,2510523,2
12,"{'embedding_attn': 0.375, 'after_attn': 0.375, 'feedforward': 0.3, 'embedding_pos': 0.3}",0.00085,king_measure_cross,91.5056442558045,73.01745635910224,92.4984428608169,74.77567298105683,1573779,1
12,"{'embedding_attn': 0.275, 'after_attn': 0.3, 'feedforward': 0.25, 'embedding_pos': 0.275}",0.00135,king_measure_corners,87.76494254383866,69.72568578553616,89.25520266268964,67.29810568295115,1028787,1
12,"{'embedding_attn': 0.275, 'after_attn': 0.275, 'feedforward': 0.25, 'embedding_pos': 0.25}",0.00175,king_2_ancilla,91.55982161783261,74.3640897755611,92.61440040843357,74.17746759720838,284403,1
12,"{'embedding_attn': 0.25, 'after_attn': 0.25, 'feedforward': 0.225, 'embedding_pos': 0.225}",0.0025,king_1_ancilla,91.38481658457167,74.11471321695761,92.25432099232808,72.78165503489531,85011,1
12,"{'embedding_attn': 0.225, 'after_attn': 0.225, 'feedforward': 0.225, 'embedding_pos': 0.225}",0.0025,none,92.11361960961973,75.31172069825436,92.76763917816376,74.97507477567298,85011,1
13,"{'embedding_attn': 0.475, 'after_attn': 0.475, 'feedforward': 0.35, 'embedding_pos': 0.35}",0.0004,king_measure_all,90.75102204132082,72.06982543640898,92.03229005498001,74.57627118644068,2510523,2
13,"{'embedding_attn': 0.375, 'after_attn': 0.375, 'feedforward': 0.3, 'embedding_pos': 0.3}",0.00085,king_measure_cross,91.84511693281416,74.51371571072319,92.4282612406478,74.37686939182453,1573779,1
13,"{'embedding_attn': 0.275, 'after_attn': 0.3, 'feedforward': 0.25, 'embedding_pos': 0.275}",0.00135,king_measure_corners,85.33581507411841,64.28927680798004,87.26306856596752,59.02293120638086,1028787,1
13,"{'embedding_attn': 0.275, 'after_attn': 0.275, 'feedforward': 0.25, 'embedding_pos': 0.25}",0.00175,king_2_ancilla,90.90338369381878,73.76558603491273,92.27593984108694,73.77866400797608,284403,1
13,"{'embedding_attn': 0.25, 'after_attn': 0.25, 'feedforward': 0.225, 'embedding_pos': 0.225}",0.0025,king_1_ancilla,90.61220431710353,73.86533665835412,91.72615082775157,74.27716849451646,85011,1
13,"{'embedding_attn': 0.225, 'after_attn': 0.225, 'feedforward': 0.225, 'embedding_pos': 0.225}",0.0025,none,92.04171652421816,75.61097256857855,92.74076056151752,74.8753738783649,85011,1
14,"{'embedding_attn': 0.475, 'after_attn': 0.475, 'feedforward': 0.35, 'embedding_pos': 0.35}",0.0004,king_measure_all,91.34257790238885,74.11471321695761,92.13625995754632,75.17447657028913,2510523,2
14,"{'embedding_attn': 0.375, 'after_attn': 0.375, 'feedforward': 0.3, 'embedding_pos': 0.3}",0.00085,king_measure_cross,91.5247617623463,74.66334164588528,92.46361502840409,73.87836490528414,1573779,1
14,"{'embedding_attn': 0.275, 'after_attn': 0.3, 'feedforward': 0.25, 'embedding_pos': 0.275}",0.00135,king_measure_corners,88.53787484029878,71.4214463840399,90.46319981644046,69.39182452642075,1028787,1
14,"{'embedding_attn': 0.275, 'after_attn': 0.275, 'feedforward': 0.25, 'embedding_pos': 0.25}",0.00175,king_2_ancilla,91.06792534239476,72.66832917705736,92.24797905668247,69.29212362911267,284403,1
14,"{'embedding_attn': 0.25, 'after_attn': 0.25, 'feedforward': 0.225, 'embedding_pos': 0.225}",0.0025,king_1_ancilla,91.45207059134029,73.86533665835412,92.5679939925313,74.27716849451646,85011,1
14,"{'embedding_attn': 0.225, 'after_attn': 0.225, 'feedforward': 0.225, 'embedding_pos': 0.225}",0.0025,none,92.32529985432298,75.06234413965088,92.7621646429645,76.07178464606181,85011,1
15,"{'embedding_attn': 0.475, 'after_attn': 0.475, 'feedforward': 0.35, 'embedding_pos': 0.35}",0.0004,king_measure_all,91.12499025098424,72.66832917705736,92.09433930126994,74.17746759720838,2510523,2
15,"{'embedding_attn': 0.375, 'after_attn': 0.375, 'feedforward': 0.3, 'embedding_pos': 0.3}",0.00085,king_measure_cross,91.62231509115273,74.96259351620948,92.61075517767439,75.3738783649053,1573779,1
15,"{'embedding_attn': 0.275, 'after_attn': 0.3, 'feedforward': 0.25, 'embedding_pos': 0.275}",0.00135,king_measure_corners,86.92444516355407,66.03491271820448,88.03791113529316,58.524426719840484,1028787,1
15,"{'embedding_attn': 0.275, 'after_attn': 0.275, 'feedforward': 0.25, 'embedding_pos': 0.25}",0.00175,king_2_ancilla,90.9920010556631,73.91521197007481,91.95940522898464,71.9840478564307,284403,1
15,"{'embedding_attn': 0.25, 'after_attn': 0.25, 'feedforward': 0.225, 'embedding_pos': 0.225}",0.0025,king_1_ancilla,91.39567242788864,74.81296758104739,92.4170180563934,73.28015952143569,85011,1
15,"{'embedding_attn': 0.225, 'after_attn': 0.225, 'feedforward': 0.225, 'embedding_pos': 0.225}",0.0025,none,92.38619872044502,75.86034912718205,92.4998593794629,74.57627118644068,85011,1
16,"{'embedding_attn': 0.475, 'after_attn': 0.475, 'feedforward': 0.35, 'embedding_pos': 0.35}",0.0004,king_measure_all,91.25377639318508,73.96508728179552,92.33161217056363,73.28015952143569,2510523,2
16,"{'embedding_attn': 0.375, 'after_attn': 0.375, 'feedforward': 0.3, 'embedding_pos': 0.3}",0.00085,king_measure_cross,91.16229096718422,74.06483790523691,92.6368827843018,73.97806580259221,1573779,1
16,"{'embedding_attn': 0.275, 'after_attn': 0.3, 'feedforward': 0.25, 'embedding_pos': 0.275}",0.00135,king_measure_corners,88.54038384196627,70.87281795511223,90.39308599191624,62.71186440677966,1028787,1
16,"{'embedding_attn': 0.275, 'after_attn': 0.275, 'feedforward': 0.25, 'embedding_pos': 0.25}",0.00175,king_2_ancilla,90.69294542992547,73.51620947630923,92.22875024843437,72.18344965104686,284403,1
16,"{'embedding_attn': 0.25, 'after_attn': 0.25, 'feedforward': 0.225, 'embedding_pos': 0.225}",0.0025,king_1_ancilla,91.7803478058626,74.3142144638404,92.65650774203708,71.9840478564307,85011,1
16,"{'embedding_attn': 0.225, 'after_attn': 0.225, 'feedforward': 0.225, 'embedding_pos': 0.225}",0.0025,none,92.39572921636136,75.51122194513715,92.96850622036574,73.87836490528414,85011,1
17,"{'embedding_attn': 0.475, 'after_attn': 0.475, 'feedforward': 0.35, 'embedding_pos': 0.35}",0.0004,king_measure_all,91.20278879039546,74.1645885286783,92.45236979832053,74.57627118644068,2510523,2
17,"{'embedding_attn': 0.375, 'after_attn': 0.375, 'feedforward': 0.3, 'embedding_pos': 0.3}",0.00085,king_measure_cross,90.9678333196892,72.76807980049875,92.03663774523108,72.28315054835494,1573779,1
17,"{'embedding_attn': 0.275, 'after_attn': 0.3, 'feedforward': 0.25, 'embedding_pos': 0.275}",0.00135,king_measure_corners,88.08558091291842,64.58852867830423,89.59184596616156,65.50348953140578,1028787,1
17,"{'embedding_attn': 0.275, 'after_attn': 0.275, 'feedforward': 0.25, 'embedding_pos': 0.25}",0.00175,king_2_ancilla,91.07755436051802,74.46384039900249,92.55254048508486,73.37986041874377,284403,1
17,"{'embedding_attn': 0.25, 'after_attn': 0.25, 'feedforward': 0.225, 'embedding_pos': 0.225}",0.0025,king_1_ancilla,91.32348346925457,73.66583541147132,91.98711620344557,73.87836490528414,85011,1
17,"{'embedding_attn': 0.225, 'after_attn': 0.225, 'feedforward': 0.225, 'embedding_pos': 0.225}",0.0025,none,92.25690283817175,75.76059850374065,92.99840679666825,75.17447657028913,85011,1
18,"{'embedding_attn': 0.475, 'after_attn': 0.475, 'feedforward': 0.35, 'embedding_pos': 0.35}",0.0004,king_measure_all,91.56309736544321,73.86533665835412,92.81960770859652,74.37686939182453,2510523,2
18,"{'embedding_attn': 0.375, 'after_attn': 0.375, 'feedforward': 0.3, 'embedding_pos': 0.3}",0.00085,king_measure_cross,91.37632231728615,73.41645885286783,92.77561283442934,73.77866400797608,1573779,1
18,"{'embedding_attn': 0.275, 'after_attn': 0.3, 'feedforward': 0.25, 'embedding_pos': 0.275}",0.00135,king_measure_corners,87.3782429802343,61.54613466334165,89.03171880948965,58.524426719840484,1028787,1
18,"{'embedding_attn': 0.275, 'after_attn': 0.275, 'feedforward': 0.25, 'embedding_pos': 0.25}",0.00175,king_2_ancilla,91.41902257902058,75.11221945137157,92.33155212123982,72.58225324027916,284403,1
18,"{'embedding_attn': 0.25, 'after_attn': 0.25, 'feedforward': 0.225, 'embedding_pos': 0.225}",0.0025,king_1_ancilla,91.54217940651532,74.66334164588528,92.1853009346806,71.9840478564307,85011,1
18,"{'embedding_attn': 0.225, 'after_attn': 0.225, 'feedforward': 0.225, 'embedding_pos': 0.225}",0.0025,none,91.92765840922455,74.1645885286783,92.720905282954,74.27716849451646,85011,1
19,"{'embedding_attn': 0.475, 'after_attn': 0.475, 'feedforward': 0.35, 'embedding_pos': 0.35}",0.0004,king_measure_all,90.50321115415603,71.87032418952619,91.7982413661936,72.48255234297109,2510523,2
19,"{'embedding_attn': 0.375, 'after_attn': 0.375, 'feedforward': 0.3, 'embedding_pos': 0.3}",0.00085,king_measure_cross,90.99856942374755,73.36658354114714,92.96285902280326,73.57926221335993,1573779,1
19,"{'embedding_attn': 0.275, 'after_attn': 0.3, 'feedforward': 0.25, 'embedding_pos': 0.275}",0.00135,king_measure_corners,87.89316148568561,69.37655860349126,90.11936290960796,64.70588235294117,1028787,1
19,"{'embedding_attn': 0.275, 'after_attn': 0.275, 'feedforward': 0.25, 'embedding_pos': 0.25}",0.00175,king_2_ancilla,91.14531780521283,73.26683291770574,92.7747852597074,71.68494516450647,284403,1
19,"{'embedding_attn': 0.25, 'after_attn': 0.25, 'feedforward': 0.225, 'embedding_pos': 0.225}",0.0025,king_1_ancilla,91.11184739226523,72.61845386533666,92.43093842424436,72.48255234297109,85011,1
19,"{'embedding_attn': 0.225, 'after_attn': 0.225, 'feedforward': 0.225, 'embedding_pos': 0.225}",0.0025,none,92.14093324732072,74.46384039900249,92.91991560679006,75.47357926221336,85011,1
20,"{'embedding_attn': 0.475, 'after_attn': 0.475, 'feedforward': 0.35, 'embedding_pos': 0.35}",0.0004,king_measure_all,91.15836778298113,73.31670822942642,92.2194678407416,74.57627118644068,2510523,2
20,"{'embedding_attn': 0.375, 'after_attn': 0.375, 'feedforward': 0.3, 'embedding_pos': 0.3}",0.00085,king_measure_cross,91.22671149955399,73.36658354114714,92.54600522536913,73.87836490528414,1573779,1
20,"{'embedding_attn': 0.275, 'after_attn': 0.3, 'feedforward': 0.25, 'embedding_pos': 0.275}",0.00135,king_measure_corners,87.76330064811638,68.6783042394015,89.47160137748557,58.225324027916244,1028787,1
20,"{'embedding_attn': 0.275, 'after_attn': 0.275, 'feedforward': 0.25, 'embedding_pos': 0.25}",0.00175,king_2_ancilla,90.70891034571488,72.61845386533666,91.77890182629605,73.37986041874377,284403,1
20,"{'embedding_attn': 0.25, 'after_attn': 0.25, 'feedforward': 0.225, 'embedding_pos': 0.225}",0.0025,king_1_ancilla,91.58193398681512,73.51620947630923,92.57195497060684,74.0777666999003,85011,1
20,"{'embedding_attn': 0.225, 'after_attn': 0.225, 'feedforward': 0.225, 'embedding_pos': 0.225}",0.0025,none,91.87126966347095,74.4139650872818,92.62414814024525,74.47657028913261,85011,1
21,"{'embedding_attn': 0.475, 'after_attn': 0.475, 'feedforward': 0.35, 'embedding_pos': 0.35}",0.0004,king_measure_all,90.85160839051969,73.36658354114714,91.72827064951896,74.0777666999003,2510523,2
21,"{'embedding_attn': 0.375, 'after_attn': 0.375, 'feedforward': 0.3, 'embedding_pos': 0.3}",0.00085,king_measure_cross,91.03058686670919,74.2643391521197,92.35673773536861,73.28015952143569,1573779,1
21,"{'embedding_attn': 0.275, 'after_attn': 0.3, 'feedforward': 0.25, 'embedding_pos': 0.275}",0.00135,king_measure_corners,86.7156014997704,67.88029925187033,88.06304335761703,60.11964107676969,1028787,1
21,"{'embedding_attn': 0.275, 'after_attn': 0.275, 'feedforward': 0.25, 'embedding_pos': 0.25}",0.00175,king_2_ancilla,91.34409246134754,73.86533665835412,92.38865024032127,74.47657028913261,284403,1
21,"{'embedding_attn': 0.25, 'after_attn': 0.25, 'feedforward': 0.225, 'embedding_pos': 0.225}",0.0025,king_1_ancilla,91.38851144587291,74.214463840399,92.58239066471336,73.08075772681954,85011,1
21,"{'embedding_attn': 0.225, 'after_attn': 0.225, 'feedforward': 0.225, 'embedding_pos': 0.225}",0.0025,none,91.80768197898574,73.41645885286783,92.68203549969495,74.97507477567298,85011,1
22,"{'embedding_attn': 0.475, 'after_attn': 0.475, 'feedforward': 0.35, 'embedding_pos': 0.35}",0.0004,king_measure_all,91.15374657176426,73.16708229426435,92.07876689191495,72.58225324027916,2510523,2
22,"{'embedding_attn': 0.375, 'after_attn': 0.375, 'feedforward': 0.3, 'embedding_pos': 0.3}",0.00085,king_measure_cross,91.4951117468196,74.214463840399,92.57187773855196,74.0777666999003,1573779,1
22,"{'embedding_attn': 0.275, 'after_attn': 0.3, 'feedforward': 0.25, 'embedding_pos': 0.275}",0.00135,king_measure_corners,86.41533758824184,60.049875311720704,87.69970279917452,60.31904287138584,1028787,1
22,"{'embedding_attn': 0.275, 'after_attn': 0.275, 'feedforward': 0.25, 'embedding_pos': 0.25}",0.00175,king_2_ancilla,91.13196427530542,72.31920199501248,91.66748766605639,73.57926221335993,284403,1
22,"{'embedding_attn': 0.25, 'after_attn': 0.25, 'feedforward': 0.225, 'embedding_pos': 0.225}",0.0025,king_1_ancilla,91.59803281211109,74.51371571072319,92.32842187718573,74.67597208374876,85011,1
22,"{'embedding_attn': 0.225, 'after_attn': 0.225, 'feedforward': 0.225, 'embedding_pos': 0.225}",0.0025,none,92.12310339657607,74.76309226932668,92.92279361264185,73.87836490528414,85011,1
23,"{'embedding_attn': 0.475, 'after_attn': 0.475, 'feedforward': 0.35, 'embedding_pos': 0.35}",0.0004,king_measure_all,91.2523420749241,73.86533665835412,92.05155890683841,74.17746759720838,2510523,2
23,"{'embedding_attn': 0.375, 'after_attn': 0.375, 'feedforward': 0.3, 'embedding_pos': 0.3}",0.00085,king_measure_cross,91.04400172875565,72.11970074812967,92.43096227072505,72.38285144566301,1573779,1
23,"{'embedding_attn': 0.275, 'after_attn': 0.3, 'feedforward': 0.25, 'embedding_pos': 0.275}",0.00135,king_measure_corners,87.46232312106842,65.5860349127182,88.52347335226972,54.735792622133594,1028787,1
23,"{'embedding_attn': 0.275, 'after_attn': 0.275, 'feedforward': 0.25, 'embedding_pos': 0.25}",0.00175,king_2_ancilla,91.27230706108159,72.46882793017456,91.96878635950384,72.78165503489531,284403,1
23,"{'embedding_attn': 0.25, 'after_attn': 0.25, 'feedforward': 0.225, 'embedding_pos': 0.225}",0.0025,king_1_ancilla,91.33801120702411,73.46633416458853,91.63563583740769,71.5852442671984,85011,1
23,"{'embedding_attn': 0.225, 'after_attn': 0.225, 'feedforward': 0.225, 'embedding_pos': 0.225}",0.0025,none,92.11944582619688,73.86533665835412,92.75909386591889,73.97806580259221,85011,1
24,"{'embedding_attn': 0.475, 'after_attn': 0.475, 'feedforward': 0.35, 'embedding_pos': 0.35}",0.0004,king_measure_all,91.2795790676807,73.46633416458853,92.32058031253956,74.17746759720838,2510523,2
24,"{'embedding_attn': 0.375, 'after_attn': 0.375, 'feedforward': 0.3, 'embedding_pos': 0.3}",0.00085,king_measure_cross,91.46865243137347,74.06483790523691,92.49604538214227,73.47956131605184,1573779,1
24,"{'embedding_attn': 0.275, 'after_attn': 0.3, 'feedforward': 0.25, 'embedding_pos': 0.275}",0.00135,king_measure_corners,86.63042954908565,66.73316708229426,88.67883891499356,60.817547357926216,1028787,1
24,"{'embedding_attn': 0.275, 'after_attn': 0.275, 'feedforward': 0.25, 'embedding_pos': 0.25}",0.00175,king_2_ancilla,91.51507178995243,75.11221945137157,92.24405024670509,74.17746759720838,284403,1
24,"{'embedding_attn': 0.25, 'after_attn': 0.25, 'feedforward': 0.225, 'embedding_pos': 0.225}",0.0025,king_1_ancilla,91.68466124307906,74.2643391521197,92.87061583896053,75.87238285144566,85011,1
24,"{'embedding_attn': 0.225, 'after_attn': 0.225, 'feedforward': 0.225, 'embedding_pos': 0.225}",0.0025,none,92.18128932119939,74.1645885286783,92.47711428208967,74.8753738783649,85011,1
25,"{'embedding_attn': 0.475, 'after_attn': 0.475, 'feedforward': 0.35, 'embedding_pos': 0.35}",0.0004,king_measure_all,91.453839884501,75.01246882793018,91.84028373332914,74.47657028913261,2510523,2
25,"{'embedding_attn': 0.375, 'after_attn': 0.375, 'feedforward': 0.3, 'embedding_pos': 0.3}",0.00085,king_measure_cross,91.28391033237831,73.81546134663341,92.04185794815409,73.28015952143569,1573779,1
25,"{'embedding_attn': 0.275, 'after_attn': 0.3, 'feedforward': 0.25, 'embedding_pos': 0.275}",0.00135,king_measure_corners,88.2452451138054,67.58104738154613,90.11478309318494,62.51246261216351,1028787,1
25,"{'embedding_attn': 0.275, 'after_attn': 0.275, 'feedforward': 0.25, 'embedding_pos': 0.25}",0.00175,king_2_ancilla,91.38409508235353,74.0149625935162,92.0474716568581,74.0777666999003,284403,1
25,"{'embedding_attn': 0.25, 'after_attn': 0.25, 'feedforward': 0.225, 'embedding_pos': 0.225}",0.0025,king_1_ancilla,91.03324816673427,72.51870324189527,92.19317482723,71.88434695912264,85011,1
25,"{'embedding_attn': 0.225, 'after_attn': 0.225, 'feedforward': 0.225, 'embedding_pos': 0.225}",0.0025,none,92.02822532451212,73.66583541147132,92.72208551822848,72.88135593220339,85011,1
26,"{'embedding_attn': 0.475, 'after_attn': 0.475, 'feedforward': 0.35, 'embedding_pos': 0.35}",0.0004,king_measure_all,90.54087065225207,72.36907730673316,92.11338299201137,73.87836490528414,2510523,2
26,"{'embedding_attn': 0.375, 'after_attn': 0.375, 'feedforward': 0.3, 'embedding_pos': 0.3}",0.00085,king_measure_cross,91.27997494437096,74.1645885286783,92.15262650300335,74.0777666999003,1573779,1
26,"{'embedding_attn': 0.275, 'after_attn': 0.3, 'feedforward': 0.25, 'embedding_pos': 0.275}",0.00135,king_measure_corners,87.54645112214033,66.08478802992519,89.00760484132994,54.43668993020937,1028787,1
26,"{'embedding_attn': 0.275, 'after_attn': 0.275, 'feedforward': 0.25, 'embedding_pos': 0.25}",0.00175,king_2_ancilla,91.76306960925453,74.91271820448878,92.0160977426667,70.08973080757727,284403,1
26,"{'embedding_attn': 0.25, 'after_attn': 0.25, 'feedforward': 0.225, 'embedding_pos': 0.225}",0.0025,king_1_ancilla,91.36679321415819,71.87032418952619,92.13674834713146,70.68793619142572,85011,1
26,"{'embedding_attn': 0.225, 'after_attn': 0.225, 'feedforward': 0.225, 'embedding_pos': 0.225}",0.0025,none,92.05805747084334,75.31172069825436,93.05658388387623,74.77567298105683,85011,1
27,"{'embedding_attn': 0.475, 'after_attn': 0.475, 'feedforward': 0.35, 'embedding_pos': 0.35}",0.0004,king_measure_all,91.2580620023444,73.16708229426435,92.11659996116207,74.27716849451646,2510523,2
27,"{'embedding_attn': 0.375, 'after_attn': 0.375, 'feedforward': 0.3, 'embedding_pos': 0.3}",0.00085,king_measure_cross,90.98209611271704,74.214463840399,92.2400873674066,71.1864406779661,1573779,1
27,"{'embedding_attn': 0.275, 'after_attn': 0.3, 'feedforward': 0.25, 'embedding_pos': 0.275}",0.00135,king_measure_corners,87.06445426154978,65.9850374064838,88.32072268165709,54.735792622133594,1028787,1
27,"{'embedding_attn': 0.275, 'after_attn': 0.275, 'feedforward': 0.25, 'embedding_pos': 0.25}",0.00175,king_2_ancilla,91.52422373595385,72.56857855361596,92.06765971148373,71.78464606181456,284403,1
27,"{'embedding_attn': 0.25, 'after_attn': 0.25, 'feedforward': 0.225, 'embedding_pos': 0.225}",0.0025,king_1_ancilla,91.75300208474545,73.96508728179552,92.67775727725372,73.18045862412762,85011,1
27,"{'embedding_attn': 0.225, 'after_attn': 0.225, 'feedforward': 0.225, 'embedding_pos': 0.225}",0.0025,none,92.2090038145777,74.56359102244389,92.94389189765873,74.0777666999003,85011,1
28,"{'embedding_attn': 0.475, 'after_attn': 0.475, 'feedforward': 0.35, 'embedding_pos': 0.35}",0.0004,king_measure_all,91.11221650999761,73.46633416458853,92.13525141857951,73.57926221335993,2510523,2
28,"{'embedding_attn': 0.375, 'after_attn': 0.375, 'feedforward': 0.3, 'embedding_pos': 0.3}",0.00085,king_measure_cross,91.08270580023056,74.3142144638404,92.41373377529194,73.37986041874377,1573779,1
28,"{'embedding_attn': 0.275, 'after_attn': 0.3, 'feedforward': 0.25, 'embedding_pos': 0.275}",0.00135,king_measure_corners,88.2801509399742,68.6783042394015,89.91991769290824,61.11665004985045,1028787,1
28,"{'embedding_attn': 0.275, 'after_attn': 0.275, 'feedforward': 0.25, 'embedding_pos': 0.25}",0.00175,king_2_ancilla,91.01632682241177,74.91271820448878,92.9309507407659,70.38883349950149,284403,1
28,"{'embedding_attn': 0.25, 'after_attn': 0.25, 'feedforward': 0.225, 'embedding_pos': 0.225}",0.0025,king_1_ancilla,91.55291574679879,74.2643391521197,92.10464576727408,73.57926221335993,85011,1
28,"{'embedding_attn': 0.225, 'after_attn': 0.225, 'feedforward': 0.225, 'embedding_pos': 0.225}",0.0025,none,92.40435570356613,74.4139650872818,92.76876653578154,72.58225324027916,85011,1
29,"{'embedding_attn': 0.475, 'after_attn': 0.475, 'feedforward': 0.35, 'embedding_pos': 0.35}",0.0004,king_measure_all,90.74749872333615,73.56608478802993,92.25459891319325,72.88135593220339,2510523,2
29,"{'embedding_attn': 0.375, 'after_attn': 0.375, 'feedforward': 0.3, 'embedding_pos': 0.3}",0.00085,king_measure_cross,91.1112004867502,72.51870324189527,92.52836053295309,74.67597208374876,1573779,1
29,"{'embedding_attn': 0.275, 'after_attn': 0.3, 'feedforward': 0.25, 'embedding_pos': 0.275}",0.00135,king_measure_corners,89.50346152099353,70.82294264339151,90.19392312179406,69.99002991026919,1028787,1
29,"{'embedding_attn': 0.275, 'after_attn': 0.275, 'feedforward': 0.25, 'embedding_pos': 0.25}",0.00175,king_2_ancilla,91.51490202519206,75.46134663341645,92.49508284807071,71.68494516450647,284403,1
29,"{'embedding_attn': 0.25, 'after_attn': 0.25, 'feedforward': 0.225, 'embedding_pos': 0.225}",0.0025,king_1_ancilla,91.22602482181802,73.81546134663341,91.52145109369184,71.88434695912264,85011,1
29,"{'embedding_attn': 0.225, 'after_attn': 0.225, 'feedforward': 0.225, 'embedding_pos': 0.225}",0.0025,none,92.19948906030261,74.4139650872818,92.86955491386809,74.67597208374876,85011,1
30,"{'embedding_attn': 0.475, 'after_attn': 0.475, 'feedforward': 0.35, 'embedding_pos': 0.35}",0.0004,king_measure_all,90.88865325970451,73.96508728179552,91.97731133449639,75.07477567298105,2510523,2
30,"{'embedding_attn': 0.375, 'after_attn': 0.375, 'feedforward': 0.3, 'embedding_pos': 0.3}",0.00085,king_measure_cross,91.98833161342392,74.3640897755611,92.80369992079024,75.57328015952145,1573779,1
30,"{'embedding_attn': 0.275, 'after_attn': 0.3, 'feedforward': 0.25, 'embedding_pos': 0.275}",0.00135,king_measure_corners,88.70887063663852,72.06982543640898,90.87684617869878,66.6999002991027,1028787,1
30,"{'embedding_attn': 0.275, 'after_attn': 0.275, 'feedforward': 0.25, 'embedding_pos': 0.25}",0.00175,king_2_ancilla,90.9465814461288,73.96508728179552,91.58519495329402,71.68494516450647,284403,1
30,"{'embedding_attn': 0.25, 'after_attn': 0.25, 'feedforward': 0.225, 'embedding_pos': 0.225}",0.0025,king_1_ancilla,91.66470763149734,74.4139650872818,92.23485828110476,74.0777666999003,85011,1
30,"{'embedding_attn': 0.225, 'after_attn': 0.225, 'feedforward': 0.225, 'embedding_pos': 0.225}",0.0025,none,92.42073741393607,75.06234413965088,92.73608774578737,74.47657028913261,85011,1
31,"{'embedding_attn': 0.475, 'after_attn': 0.475, 'feedforward': 0.35, 'embedding_pos': 0.35}",0.0004,king_measure_all,91.09772255207454,73.91521197007481,91.8072929444888,73.97806580259221,2510523,2
31,"{'embedding_attn': 0.375, 'after_attn': 0.375, 'feedforward': 0.3, 'embedding_pos': 0.3}",0.00085,king_measure_cross,91.44776358361412,74.06483790523691,92.62777722493823,74.67597208374876,1573779,1
31,"{'embedding_attn': 0.275, 'after_attn': 0.3, 'feedforward': 0.25, 'embedding_pos': 0.275}",0.00135,king_measure_corners,88.56304186205797,68.37905236907731,90.7468174074149,69.49152542372882,1028787,1
31,"{'embedding_attn': 0.275, 'after_attn': 0.275, 'feedforward': 0.25, 'embedding_pos': 0.25}",0.00175,king_2_ancilla,90.95076880910273,74.81296758104739,92.23730154962479,72.48255234297109,284403,1
31,"{'embedding_attn': 0.25, 'after_attn': 0.25, 'feedforward': 0.225, 'embedding_pos': 0.225}",0.0025,king_1_ancilla,91.95856366449672,74.214463840399,92.51941267924944,73.678963110668,85011,1
31,"{'embedding_attn': 0.225, 'after_attn': 0.225, 'feedforward': 0.225, 'embedding_pos': 0.225}",0.0025,none,92.18218705225178,74.1645885286783,92.6389211852751,73.37986041874377,85011,1
32,"{'embedding_attn': 0.475, 'after_attn': 0.475, 'feedforward': 0.35, 'embedding_pos': 0.35}",0.0004,king_measure_all,90.88622611074155,73.31670822942642,91.6590199142856,74.57627118644068,2510523,2
32,"{'embedding_attn': 0.375, 'after_attn': 0.375, 'feedforward': 0.3, 'embedding_pos': 0.3}",0.00085,king_measure_cross,91.3908089225697,72.91770573566085,92.51445483840315,73.87836490528414,1573779,1
32,"{'embedding_attn': 0.275, 'after_attn': 0.3, 'feedforward': 0.25, 'embedding_pos': 0.275}",0.00135,king_measure_corners,86.20804403360962,70.07481296758104,89.08478371839426,58.524426719840484,1028787,1
32,"{'embedding_attn': 0.275, 'after_attn': 0.275, 'feedforward': 0.25, 'embedding_pos': 0.25}",0.00175,king_2_ancilla,91.13213166275189,74.3142144638404,92.26628265037036,74.0777666999003,284403,1
32,"{'embedding_attn': 0.25, 'after_attn': 0.25, 'feedforward': 0.225, 'embedding_pos': 0.225}",0.0025,king_1_ancilla,91.26191002496192,73.86533665835412,92.23433116822486,73.57926221335993,85011,1
32,"{'embedding_attn': 0.225, 'after_attn': 0.225, 'feedforward': 0.225, 'embedding_pos': 0.225}",0.0025,none,92.3431015698089,75.11221945137157,93.12610758450106,74.57627118644068,85011,1
33,"{'embedding_attn': 0.475, 'after_attn': 0.475, 'feedforward': 0.35, 'embedding_pos': 0.35}",0.0004,king_measure_all,91.04869407650072,73.16708229426435,91.79923846358106,73.47956131605184,2510523,2
33,"{'embedding_attn': 0.375, 'after_attn': 0.375, 'feedforward': 0.3, 'embedding_pos': 0.3}",0.00085,king_measure_cross,91.26258880964365,73.96508728179552,92.36567496787778,74.17746759720838,1573779,1
33,"{'embedding_attn': 0.275, 'after_attn': 0.3, 'feedforward': 0.25, 'embedding_pos': 0.275}",0.00135,king_measure_corners,88.47213368553633,68.37905236907731,90.35664597704043,67.29810568295115,1028787,1
33,"{'embedding_attn': 0.275, 'after_attn': 0.275, 'feedforward': 0.25, 'embedding_pos': 0.25}",0.00175,king_2_ancilla,90.49583253124194,73.31670822942642,91.86216073671642,72.28315054835494,284403,1
33,"{'embedding_attn': 0.25, 'after_attn': 0.25, 'feedforward': 0.225, 'embedding_pos': 0.225}",0.0025,king_1_ancilla,91.63033153581938,73.96508728179552,92.48738276787802,73.08075772681954,85011,1
33,"{'embedding_attn': 0.225, 'after_attn': 0.225, 'feedforward': 0.225, 'embedding_pos': 0.225}",0.0025,none,91.99160683366286,74.3142144638404,93.403981262521,75.57328015952145,85011,1
34,"{'embedding_attn': 0.475, 'after_attn': 0.475, 'feedforward': 0.35, 'embedding_pos': 0.35}",0.0004,king_measure_all,90.95748761083013,73.86533665835412,92.13036862340635,73.77866400797608,2510523,2
34,"{'embedding_attn': 0.375, 'after_attn': 0.375, 'feedforward': 0.3, 'embedding_pos': 0.3}",0.00085,king_measure_cross,91.1361146740817,72.71820448877806,92.2439243706339,71.38584247258225,1573779,1
34,"{'embedding_attn': 0.275, 'after_attn': 0.3, 'feedforward': 0.25, 'embedding_pos': 0.275}",0.00135,king_measure_corners,88.27629170577904,67.58104738154613,89.47352361760423,62.213359920239284,1028787,1
34,"{'embedding_attn': 0.275, 'after_attn': 0.275, 'feedforward': 0.25, 'embedding_pos': 0.25}",0.00175,king_2_ancilla,91.48314382833364,73.41645885286783,92.71456948114609,74.27716849451646,284403,1
34,"{'embedding_attn': 0.25, 'after_attn': 0.25, 'feedforward': 0.225, 'embedding_pos': 0.225}",0.0025,king_1_ancilla,91.40684381686712,74.81296758104739,91.985320353626,70.98703888334995,85011,1
34,"{'embedding_attn': 0.225, 'after_attn': 0.225, 'feedforward': 0.225, 'embedding_pos': 0.225}",0.0025,none,92.33809807363374,75.91022443890274,92.9687681048752,75.67298105682951,85011,1
35,"{'embedding_attn': 0.475, 'after_attn': 0.475, 'feedforward': 0.35, 'embedding_pos': 0.35}",0.0004,king_measure_all,91.29421486716531,74.3142144638404,92.0900421414639,74.37686939182453,2510523,2
35,"{'embedding_attn': 0.375, 'after_attn': 0.375, 'feedforward': 0.3, 'embedding_pos': 0.3}",0.00085,king_measure_cross,91.23197671670435,74.81296758104739,92.48497564563209,72.28315054835494,1573779,1
35,"{'embedding_attn': 0.275, 'after_attn': 0.3, 'feedforward': 0.25, 'embedding_pos': 0.275}",0.00135,king_measure_corners,86.15204591433155,65.8852867830424,88.50738012487972,56.929212362911265,1028787,1
35,"{'embedding_attn': 0.275, 'after_attn': 0.275, 'feedforward': 0.25, 'embedding_pos': 0.25}",0.00175,king_2_ancilla,90.98472265825492,72.66832917705736,92.02413119080119,71.68494516450647,284403,1
35,"{'embedding_attn': 0.25, 'after_attn': 0.25, 'feedforward': 0.225, 'embedding_pos': 0.225}",0.0025,king_1_ancilla,90.72163454190466,73.86533665835412,91.74393715781048,73.28015952143569,85011,1
35,"{'embedding_attn': 0.225, 'after_attn': 0.225, 'feedforward': 0.225, 'embedding_pos': 0.225}",0.0025,none,92.12518845079629,73.41645885286783,92.84456145326445,74.67597208374876,85011,1
36,"{'embedding_attn': 0.475, 'after_attn': 0.475, 'feedforward': 0.35, 'embedding_pos': 0.35}",0.0004,king_measure_all,91.20474937592824,74.56359102244389,92.08191891664977,74.0777666999003,2510523,2
36,"{'embedding_attn': 0.375, 'after_attn': 0.375, 'feedforward': 0.3, 'embedding_pos': 0.3}",0.00085,king_measure_cross,91.09943583280995,73.61596009975062,92.47360158847845,74.47657028913261,1573779,1
36,"{'embedding_attn': 0.275, 'after_attn': 0.3, 'feedforward': 0.25, 'embedding_pos': 0.275}",0.00135,king_measure_corners,88.54979918886507,70.87281795511223,90.10818631267877,70.08973080757727,1028787,1
36,"{'embedding_attn': 0.275, 'after_attn': 0.275, 'feedforward': 0.25, 'embedding_pos': 0.25}",0.00175,king_2_ancilla,91.40504687395527,74.713216957606,92.27327968446531,73.37986041874377,284403,1
36,"{'embedding_attn': 0.25, 'after_attn': 0.25, 'feedforward': 0.225, 'embedding_pos': 0.225}",0.0025,king_1_ancilla,91.2659897118641,73.76558603491273,91.7787975211703,72.78165503489531,85011,1
36,"{'embedding_attn': 0.225, 'after_attn': 0.225, 'feedforward': 0.225, 'embedding_pos': 0.225}",0.0025,none,92.51866274655018,76.05985037406484,93.03495891396079,75.57328015952145,85011,1
37,"{'embedding_attn': 0.475, 'after_attn': 0.475, 'feedforward': 0.35, 'embedding_pos': 0.35}",0.0004,king_measure_all,90.56290162806313,72.61845386533666,91.77779766303198,72.58225324027916,2510523,2
37,"{'embedding_attn': 0.375, 'after_attn': 0.375, 'feedforward': 0.3, 'embedding_pos': 0.3}",0.00085,king_measure_cross,91.09968436354856,72.76807980049875,92.09402273982693,73.28015952143569,1573779,1
37,"{'embedding_attn': 0.275, 'after_attn': 0.3, 'feedforward': 0.25, 'embedding_pos': 0.275}",0.00135,king_measure_corners,88.77239762252465,66.28428927680798,89.94409585983757,65.70289132602194,1028787,1
37,"{'embedding_attn': 0.275, 'after_attn': 0.275, 'feedforward': 0.25, 'embedding_pos': 0.25}",0.00175,king_2_ancilla,91.15296986469131,72.56857855361596,92.13326562884433,71.28614157527417,284403,1
37,"{'embedding_attn': 0.25, 'after_attn': 0.25, 'feedforward': 0.225, 'embedding_pos': 0.225}",0.0025,king_1_ancilla,91.79724839034752,74.06483790523691,92.20809470718181,73.37986041874377,85011,1
37,"{'embedding_attn': 0.225, 'after_attn': 0.225, 'feedforward': 0.225, 'embedding_pos': 0.225}",0.0025,none,92.11048082777454,74.3640897755611,92.66049962358419,73.37986041874377,85011,1
38,"{'embedding_attn': 0.475, 'after_attn': 0.475, 'feedforward': 0.35, 'embedding_pos': 0.35}",0.0004,king_measure_all,91.15630308236904,73.86533665835412,91.73878690044903,74.67597208374876,2510523,2
38,"{'embedding_attn': 0.375, 'after_attn': 0.375, 'feedforward': 0.3, 'embedding_pos': 0.3}",0.00085,king_measure_cross,90.99933906241633,73.01745635910224,92.34003018280548,72.58225324027916,1573779,1
38,"{'embedding_attn': 0.275, 'after_attn': 0.3, 'feedforward': 0.25, 'embedding_pos': 0.275}",0.00135,king_measure_corners,88.21883027006258,67.28179551122194,90.04683894440502,62.612163509471586,1028787,1
38,"{'embedding_attn': 0.275, 'after_attn': 0.275, 'feedforward': 0.25, 'embedding_pos': 0.25}",0.00175,king_2_ancilla,91.18052268354464,74.46384039900249,92.1757129714644,70.08973080757727,284403,1
38,"{'embedding_attn': 0.25, 'after_attn': 0.25, 'feedforward': 0.225, 'embedding_pos': 0.225}",0.0025,king_1_ancilla,91.73156713085389,74.76309226932668,91.92150873797111,73.18045862412762,85011,1
38,"{'embedding_attn': 0.225, 'after_attn': 0.225, 'feedforward': 0.225, 'embedding_pos': 0.225}",0.0025,none,92.26273371028226,76.10972568578553,92.89336124365259,76.37088733798603,85011,1
39,"{'embedding_attn': 0.475, 'after_attn': 0.475, 'feedforward': 0.35, 'embedding_pos': 0.35}",0.0004,king_measure_all,91.39535808580696,73.21695760598503,92.16380908726889,73.47956131605184,2510523,2
39,"{'embedding_attn': 0.375, 'after_attn': 0.375, 'feedforward': 0.3, 'embedding_pos': 0.3}",0.00085,king_measure_cross,91.37705392871655,70.47381546134663,92.91877719739226,71.48554336989032,1573779,1
39,"{'embedding_attn': 0.275, 'after_attn': 0.3, 'feedforward': 0.25, 'embedding_pos': 0.275}",0.00135,king_measure_corners,87.80140197277613,64.43890274314215,89.3016974577409,65.50348953140578,1028787,1
39,"{'embedding_attn': 0.275, 'after_attn': 0.275, 'feedforward': 0.25, 'embedding_pos': 0.25}",0.00175,king_2_ancilla,91.04563314195534,73.56608478802993,92.49164408664477,72.08374875373879,284403,1
39,"{'embedding_attn': 0.25, 'after_attn': 0.25, 'feedforward': 0.225, 'embedding_pos': 0.225}",0.0025,king_1_ancilla,91.94940591031016,74.91271820448878,92.07045079632533,73.28015952143569,85011,1
39,"{'embedding_attn': 0.225, 'after_attn': 0.225, 'feedforward': 0.225, 'embedding_pos': 0.225}",0.0025,none,92.18319321867098,74.91271820448878,92.84746897063314,75.77268195413758,85011,1
40,"{'embedding_attn': 0.475, 'after_attn': 0.475, 'feedforward': 0.35, 'embedding_pos': 0.35}",0.0004,king_measure_all,90.52884193849566,71.97007481296758,91.44416751567526,71.1864406779661,2510523,2
40,"{'embedding_attn': 0.375, 'after_attn': 0.375, 'feedforward': 0.3, 'embedding_pos': 0.3}",0.00085,king_measure_cross,91.45007969945866,73.96508728179552,92.58848113035496,75.07477567298105,1573779,1
40,"{'embedding_attn': 0.275, 'after_attn': 0.3, 'feedforward': 0.25, 'embedding_pos': 0.275}",0.00135,king_measure_corners,87.3725296003345,66.03491271820448,88.5478503688185,56.63010967098704,1028787,1
40,"{'embedding_attn': 0.275, 'after_attn': 0.275, 'feedforward': 0.25, 'embedding_pos': 0.25}",0.00175,king_2_ancilla,91.66722008906189,73.86533665835412,92.17623290294335,71.5852442671984,284403,1
40,"{'embedding_attn': 0.25, 'after_attn': 0.25, 'feedforward': 0.225, 'embedding_pos': 0.225}",0.0025,king_1_ancilla,91.19111429318548,74.2643391521197,91.97930977768264,72.88135593220339,85011,1
40,"{'embedding_attn': 0.225, 'after_attn': 0.225, 'feedforward': 0.225, 'embedding_pos': 0.225}",0.0025,none,92.12797073059181,75.06234413965088,92.80013844592585,73.678963110668,85011,1
41,"{'embedding_attn': 0.475, 'after_attn': 0.475, 'feedforward': 0.35, 'embedding_pos': 0.35}",0.0004,king_measure_all,91.32127449509588,74.4139650872818,92.57316019540305,74.97507477567298,2510523,2
41,"{'embedding_attn': 0.375, 'after_attn': 0.375, 'feedforward': 0.3, 'embedding_pos': 0.3}",0.00085,king_measure_cross,91.34805724178182,75.16209476309227,92.42089080511789,73.08075772681954,1573779,1
41,"{'embedding_attn': 0.275, 'after_attn': 0.3, 'feedforward': 0.25, 'embedding_pos': 0.275}",0.00135,king_measure_corners,88.06036959451978,66.33416458852868,89.62510602729698,64.10767696909272,1028787,1
41,"{'embedding_attn': 0.275, 'after_attn': 0.275, 'feedforward': 0.25, 'embedding_pos': 0.25}",0.00175,king_2_ancilla,91.35848176191371,74.76309226932668,92.73458231016872,74.8753738783649,284403,1
41,"{'embedding_attn': 0.25, 'after_attn': 0.25, 'feedforward': 0.225, 'embedding_pos': 0.225}",0.0025,king_1_ancilla,91.6092598750877,74.66334164588528,92.2152294026908,74.0777666999003,85011,1
41,"{'embedding_attn': 0.225, 'after_attn': 0.225, 'feedforward': 0.225, 'embedding_pos': 0.225}",0.0025,none,91.9788801968586,75.76059850374065,92.75345932520435,74.77567298105683,85011,1
42,"{'embedding_attn': 0.475, 'after_attn': 0.475, 'feedforward': 0.35, 'embedding_pos': 0.35}",0.0004,king_measure_all,90.74023846265476,72.71820448877806,91.62339074906015,73.87836490528414,2510523,2
42,"{'embedding_attn': 0.375, 'after_attn': 0.375, 'feedforward': 0.3, 'embedding_pos': 0.3}",0.00085,king_measure_cross,91.32322027894091,72.46882793017456,92.41290142971802,74.17746759720838,1573779,1
42,"{'embedding_attn': 0.275, 'after_attn': 0.3, 'feedforward': 0.25, 'embedding_pos': 0.275}",0.00135,king_measure_corners,87.99417759517654,70.27431421446384,89.71346210566242,62.811565304087736,1028787,1
42,"{'embedding_attn': 0.275, 'after_attn': 0.275, 'feedforward': 0.25, 'embedding_pos': 0.25}",0.00175,king_2_ancilla,91.49695102142292,73.96508728179552,92.12614090239249,71.08673978065802,284403,1
42,"{'embedding_attn': 0.25, 'after_attn': 0.25, 'feedforward': 0.225, 'embedding_pos': 0.225}",0.0025,king_1_ancilla,91.53935111505767,75.26184538653366,92.47466532413868,72.28315054835494,85011,1
42,"{'embedding_attn': 0.225, 'after_attn': 0.225, 'feedforward': 0.225, 'embedding_pos': 0.225}",0.0025,none,92.37060115210642,75.41147132169576,93.15051297994795,75.07477567298105,85011,1
43,"{'embedding_attn': 0.475, 'after_attn': 0.475, 'feedforward': 0.35, 'embedding_pos': 0.35}",0.0004,king_measure_all,90.22477640322526,72.81795511221945,91.64095729861084,74.97507477567298,2510523,2
43,"{'embedding_attn': 0.375, 'after_attn': 0.375, 'feedforward': 0.3, 'embedding_pos': 0.3}",0.00085,king_measure_cross,91.15987542926138,73.81546134663341,92.34875315927621,74.67597208374876,1573779,1
43,"{'embedding_attn': 0.275, 'after_attn': 0.3, 'feedforward': 0.25, 'embedding_pos': 0.275}",0.00135,king_measure_corners,88.57977950481359,69.02743142144638,90.12559567611088,59.82053838484547,1028787,1
43,"{'embedding_attn': 0.275, 'after_attn': 0.275, 'feedforward': 0.25, 'embedding_pos': 0.25}",0.00175,king_2_ancilla,91.01909797057995,73.81546134663341,91.71444852071153,73.678963110668,284403,1
43,"{'embedding_attn': 0.25, 'after_attn': 0.25, 'feedforward': 0.225, 'embedding_pos': 0.225}",0.0025,king_1_ancilla,91.22296741462108,73.66583541147132,92.33784356269118,72.58225324027916,85011,1
43,"{'embedding_attn': 0.225, 'after_attn': 0.225, 'feedforward': 0.225, 'embedding_pos': 0.225}",0.0025,none,92.1760757291269,74.3640897755611,92.9150942863053,73.77866400797608,85011,1
44,"{'embedding_attn': 0.475, 'after_attn': 0.475, 'feedforward': 0.35, 'embedding_pos': 0.35}",0.0004,king_measure_all,91.04103942527816,72.61845386533666,91.6732185994414,73.08075772681954,2510523,2
44,"{'embedding_attn': 0.375, 'after_attn': 0.375, 'feedforward': 0.3, 'embedding_pos': 0.3}",0.00085,king_measure_cross,90.8936685185975,73.76558603491273,91.77734038113759,70.7876370887338,1573779,1
44,"{'embedding_attn': 0.275, 'after_attn': 0.3, 'feedforward': 0.25, 'embedding_pos': 0.275}",0.00135,king_measure_corners,87.76541292965477,68.17955112219451,89.30383543008189,61.3160518444666,1028787,1
44,"{'embedding_attn': 0.275, 'after_attn': 0.275, 'feedforward': 0.25, 'embedding_pos': 0.25}",0.00175,king_2_ancilla,91.30558417874,74.61346633416458,92.36194677571082,74.0777666999003,284403,1
44,"{'embedding_attn': 0.25, 'after_attn': 0.25, 'feedforward': 0.225, 'embedding_pos': 0.225}",0.0025,king_1_ancilla,91.16486342517621,75.01246882793018,92.06627902750671,74.17746759720838,85011,1
44,"{'embedding_attn': 0.225, 'after_attn': 0.225, 'feedforward': 0.225, 'embedding_pos': 0.225}",0.0025,none,92.25238619584673,74.46384039900249,92.8340077771845,74.37686939182453,85011,1
45,"{'embedding_attn': 0.475, 'after_attn': 0.475, 'feedforward': 0.35, 'embedding_pos': 0.35}",0.0004,king_measure_all,90.95086255395748,71.571072319202,91.5667929984728,72.28315054835494,2510523,2
45,"{'embedding_attn': 0.375, 'after_attn': 0.375, 'feedforward': 0.3, 'embedding_pos': 0.3}",0.00085,king_measure_cross,91.59105970486358,74.81296758104739,92.28075662811722,74.0777666999003,1573779,1
45,"{'embedding_attn': 0.275, 'after_attn': 0.3, 'feedforward': 0.25, 'embedding_pos': 0.275}",0.00135,king_measure_corners,86.3411950802304,65.9850374064838,88.15272433116766,56.729810568295115,1028787,1
45,"{'embedding_attn': 0.275, 'after_attn': 0.275, 'feedforward': 0.25, 'embedding_pos': 0.25}",0.00175,king_2_ancilla,91.08621213238447,74.214463840399,92.10698224786228,73.28015952143569,284403,1
45,"{'embedding_attn': 0.25, 'after_attn': 0.25, 'feedforward': 0.225, 'embedding_pos': 0.225}",0.0025,king_1_ancilla,91.3249776565728,72.76807980049875,92.33776134165727,73.678963110668,85011,1
45,"{'embedding_attn': 0.225, 'after_attn': 0.225, 'feedforward': 0.225, 'embedding_pos': 0.225}",0.0025,none,92.26274862977561,74.713216957606,92.82607750790498,73.97806580259221,85011,1
46,"{'embedding_attn': 0.475, 'after_attn': 0.475, 'feedforward': 0.35, 'embedding_pos': 0.35}",0.0004,king_measure_all,90.9265019245855,74.06483790523691,91.7060102564025,73.37986041874377,2510523,2
46,"{'embedding_attn': 0.375, 'after_attn': 0.375, 'feedforward': 0.3, 'embedding_pos': 0.3}",0.00085,king_measure_cross,91.59564951988314,74.51371571072319,92.50558991577574,73.18045862412762,1573779,1
46,"{'embedding_attn': 0.275, 'after_attn': 0.3, 'feedforward': 0.25, 'embedding_pos': 0.275}",0.00135,king_measure_corners,88.45842019710003,68.92768079800499,89.90338123312685,61.216350947158524,1028787,1
46,"{'embedding_attn': 0.275, 'after_attn': 0.275, 'feedforward': 0.25, 'embedding_pos': 0.25}",0.00175,king_2_ancilla,91.46480935301682,75.16209476309227,92.44047406477412,74.57627118644068,284403,1
46,"{'embedding_attn': 0.25, 'after_attn': 0.25, 'feedforward': 0.225, 'embedding_pos': 0.225}",0.0025,king_1_ancilla,91.36474714979727,73.76558603491273,92.21461467141151,73.678963110668,85011,1
46,"{'embedding_attn': 0.225, 'after_attn': 0.225, 'feedforward': 0.225, 'embedding_pos': 0.225}",0.0025,none,92.09232398607986,74.713216957606,92.72266629179936,75.87238285144566,85011,1
47,"{'embedding_attn': 0.475, 'after_attn': 0.475, 'feedforward': 0.35, 'embedding_pos': 0.35}",0.0004,king_measure_all,90.3067999933525,73.26683291770574,91.36851912331045,74.17746759720838,2510523,2
47,"{'embedding_attn': 0.375, 'after_attn': 0.375, 'feedforward': 0.3, 'embedding_pos': 0.3}",0.00085,king_measure_cross,91.1563448508703,73.06733167082294,92.72954557759593,74.17746759720838,1573779,1
47,"{'embedding_attn': 0.275, 'after_attn': 0.3, 'feedforward': 0.25, 'embedding_pos': 0.275}",0.00135,king_measure_corners,87.40455878634926,60.44887780548629,88.73322521874509,55.1345962113659,1028787,1
47,"{'embedding_attn': 0.275, 'after_attn': 0.275, 'feedforward': 0.25, 'embedding_pos': 0.25}",0.00175,king_2_ancilla,90.69108947115318,73.46633416458853,91.98881060553387,72.88135593220339,284403,1
47,"{'embedding_attn': 0.25, 'after_attn': 0.25, 'feedforward': 0.225, 'embedding_pos': 0.225}",0.0025,king_1_ancilla,90.99114569035154,73.91521197007481,91.584034732109,72.98105682951147,85011,1
47,"{'embedding_attn': 0.225, 'after_attn': 0.225, 'feedforward': 0.225, 'embedding_pos': 0.225}",0.0025,none,91.79407309077529,74.81296758104739,92.88211520132104,75.3738783649053,85011,1
48,"{'embedding_attn': 0.475, 'after_attn': 0.475, 'feedforward': 0.35, 'embedding_pos': 0.35}",0.0004,king_measure_all,90.6095952346593,73.91521197007481,92.23563378755047,74.8753738783649,2510523,2
48,"{'embedding_attn': 0.375, 'after_attn': 0.375, 'feedforward': 0.3, 'embedding_pos': 0.3}",0.00085,king_measure_cross,91.58162510767302,72.26932668329177,92.59627093311326,71.88434695912264,1573779,1
48,"{'embedding_attn': 0.275, 'after_attn': 0.3, 'feedforward': 0.25, 'embedding_pos': 0.275}",0.00135,king_measure_corners,88.41641329838599,68.52867830423939,89.00868857635848,67.29810568295115,1028787,1
48,"{'embedding_attn': 0.275, 'after_attn': 0.275, 'feedforward': 0.25, 'embedding_pos': 0.25}",0.00175,king_2_ancilla,91.28227175731494,74.46384039900249,92.18777166398695,69.79062811565304,284403,1
48,"{'embedding_attn': 0.25, 'after_attn': 0.25, 'feedforward': 0.225, 'embedding_pos': 0.225}",0.0025,king_1_ancilla,91.4133640993973,74.46384039900249,92.5763041170697,74.27716849451646,85011,1
48,"{'embedding_attn': 0.225, 'after_attn': 0.225, 'feedforward': 0.225, 'embedding_pos': 0.225}",0.0025,none,92.21539869086779,74.713216957606,92.95856089655634,75.07477567298105,85011,1
49,"{'embedding_attn': 0.475, 'after_attn': 0.475, 'feedforward': 0.35, 'embedding_pos': 0.35}",0.0004,king_measure_all,90.2407923773206,72.56857855361596,91.7194282775496,73.47956131605184,2510523,2
49,"{'embedding_attn': 0.375, 'after_attn': 0.375, 'feedforward': 0.3, 'embedding_pos': 0.3}",0.00085,king_measure_cross,91.32469543708606,74.4139650872818,92.27887015228067,73.678963110668,1573779,1
49,"{'embedding_attn': 0.275, 'after_attn': 0.3, 'feedforward': 0.25, 'embedding_pos': 0.275}",0.00135,king_measure_corners,87.83237356035069,70.22443890274315,89.38801487275887,65.40378863409771,1028787,1
49,"{'embedding_attn': 0.275, 'after_attn': 0.275, 'feedforward': 0.25, 'embedding_pos': 0.25}",0.00175,king_2_ancilla,91.4407397425644,73.91521197007481,92.49664977509754,74.37686939182453,284403,1
49,"{'embedding_attn': 0.25, 'after_attn': 0.25, 'feedforward': 0.225, 'embedding_pos': 0.225}",0.0025,king_1_ancilla,90.90236107922328,72.71820448877806,91.93222020180515,70.28913260219342,85011,1
49,"{'embedding_attn': 0.225, 'after_attn': 0.225, 'feedforward': 0.225, 'embedding_pos': 0.225}",0.0025,none,92.21626862851664,74.76309226932668,93.00600487021401,75.07477567298105,85011,1
